fence_id,3760123930619150336,B0FFG2S8G1,external_location_29965098,external_location_24086259,external_location_4783237,external_location_2480685,B0FFF4ICM0,3760136317304832000,external_location_2518920,B0H0A5UO9Z,external_location_2480605,common_street_3a9345f648a8f994428562e2cc4848c360d58bb91469fc96d066a25de1d1b5dc,B0FFF0EHR9,manual_submission_wt3md451f6rz20250807,common_street_2ea36b9dd33892d205d912be5c9283ea84cb05e4c52150b4a371209a5f0c989a,external_location_5058067,B001B0HPL4,common_street_049fa16aabf77b4e41ee37d62ef751ba23516acc43c3b8d72468bc8c5b5f79fe,common_street_da998c82822f4139bd08a7cdf2f95eac02dc27f8eec49e80290c0e93d81560c3,external_location_51410947,common_street_faf524fb894943ca0566b17b7d7d8b453316cb46fb1294cf2518bd8d02d761ae,external_location_2553785,external_location_24085714,external_location_2553795,common_street_49597366c6d136a96859776ccb55a05bf1d939d99514164c6b928f63a555da97,common_street_471ccc6e867e7f7c384cd6f9388c88026ea35072d3d75d81449162b1225fbf89,external_location_24085694,B0FFF53YN1,common_street_21564d6eb0c8ca5dcb905f78a4dad840b52a93a19a26f2bc045b7d1066b01069,common_street_a9343febe4c4ecdcc97232d820bd046ed0b891bea497685d6327d20ccd2ae659,B0FFGHCMOI,common_street_089c87e3d8b1270e4acecf3245b6aa0bbd97e1f74b114a3043759743ad06e44c,external_location_27187896,common_street_9faf0e12679ba4dd26a8054ad94237ee81a5055b0d6eb10e846639c1ccaf03c4,external_location_2553809,common_street_a4e59f575aa782e72b898450cfa8ebd58133d035a74401dd58191ef02e5fdb2a,common_street_708031afc95096b9e0f95579e79e2245144336e57518e32c8345c77cba6bd91b,B001B0JG9I,external_location_147354,B0FFI89KVW,common_street_b5c273fb17b0cf8d6bd952528adaf68088abc9be3b59407ebbe7401759dd7170,B0FFL1HKTR,external_location_157084,external_location_6181832,B0G3HH5BBZ,common_street_0744480c6b4bbe2bfdb0a029802377e786bfd6508982b27b34a97523e547a99e,B001B1D77X,common_street_aa13e5dd10d1634a79f58916b7f9674c5e70e481592995a97998ee4fb081fb2f,external_location_51410973,B0HATAZALP,external_location_10936626,common_street_cbe949dea4de81c5d246e87ebb75efab8c794b8d9f1573cf8e4443d64ef89435,external_location_27646348,external_location_2553778,external_location_56558407,common_street_90d0cb67f591c117a35ca22ab97c0df13b7bf77690ca2826daa2719f815479de,external_location_2553792,common_street_5d8d0d4cf302cfa9d82148eca74accf18438c712d10e33f79c0419a7f4802bc6,common_street_93cd6f18a228bbe7c1b0fe1fc80bb978720eaf67efa7db141209956562a0f136,common_street_0d4aa5968f27454e5d14a7a600c82958d6a687fa823566e49bc01b1b4a847539,common_street_28054cc08ba62e58fa624726bc936c8316e13408d8d0f8bdefb21395f56bf768,common_street_79bf550e95c4d84f3be25f13f515ae52f727c85baf640e1826172c202290f8b2,common_street_4479a58a7b3caebe288aea4aa35d490d70fadcf37333ca8aba133776ca88182f,common_street_0820342c3e14d14e0145727b7317d7bbcf512541e4ad22054a93be8324db95df,B0FFIEOB0A,B0FFFDCKXA,external_location_27646463,common_street_b792d781b9bb15d712a023d9c90bfc104bfdd34ab3cdb6befc100f2c8f32d411,common_street_cb041f0974b10ab4977927d25942813599e2e6449d0f2047f2e121cfc8ce29aa,common_street_2dcc2ec01a50181011a9138edbc3b8162c7b806f23c7152467f8aa676fd878e3,common_street_f4548160ed4c90e4eb5dce1206a76b9f3a4957da1b2dfc0aaadc1a344ae255bb,common_street_c7ab77338da166993d3b9b95ec89f81b033b0c65e1c35cf15607865f1e277a26,common_street_234973bd2c88453f996a49a7b62624b3965e05925f4fa620a9bdeb24267d555a,B001B18PUB,common_street_1741123276d3cbcb954bdd4fde49d71d54d357c4b27fdea28a2dab3d266c070a,common_street_7bd28e200b5be457e45c7b8a1d8694d911863ab7dd8c984dcc74318348396606,common_street_71177723b682bdf8b68687ef10ecba3008e7a615a25b13cc13ec365c59e2db42,B001B1DGP8,B0FFK4WSOG,B0FFHHNDLE,common_street_28b2b46723d88527eb7443b61fe04634be8a8387db1612f0cc246ab176614439,external_location_5058054,common_street_20b274b8b6e666f360f250d846551c629a75bf51621b6d921733ba908969864c,B0H2XCG58G,common_street_3ba9f57a1a8ba43460307e4459b786268348df553ea9950bccd2791caa7dcd6b,common_street_f3380b82df7cb3d49671181557b9e70c3be2e59bbe517996f4cc44cf40f417c2,B001B17DJI,external_location_5058053,common_street_25107781cecc6dba4703c0208820ee8ea97cdfc2f4a3260b01bd76cc71690d5d,common_street_41424f183a9be0d25bda31c7addf4df2c5d49170f488d29147da492c45a79d4c,common_street_5e038e3ddf7353d8ac1d2ca41ec2099245795b9631b146d6ce80cd45faf76c33,common_street_1b0ac2d4a40d71419812d5ab10da7d1758a527be8204000dbadda5271b4c8f67,common_street_ed03757d65761f851419eec99e65ef46f769cc7929243aed7ee06c2b2fa2a4b2,B0FFJA6PAP,common_street_8143a1030497a1d9c75bf5ee50d270b9cd8043081e7e36d4a21f18589e38b4de,external_location_2480604,common_street_4dbb4529d2da85e2902caeef41e086b60e9951ed50fb4c49c0bcc1c7065af28e,external_location_5058062,B0HG47SLEM,common_street_b7b2c5ca9d0046605c4478ae017bbe38aa90eed620968e116b682511caafd0f3
3760123930619150336,0.0,21.006088506282918,11.082028337263997,9.375134305510688,11.123086270408004,5.018240313585368,15.575661539028617,7.357693396828638,3.1953972392333787,10.512373046134844,10.738771987927185,4.153528924126706,0.05086705817186391,5.054533363435706,18.062163322638373,4.135880440052483,6.0390377078066155,9.681395956532974,12.098054184878837,15.290138050159337,9.688227278542913,2.188133865919278,12.423775653427219,1.7268215769639326,20.05943627105423,3.0784050432131878,10.178972686011708,7.222031844128221,8.783355098367776,12.813395099919486,8.688242797195258,14.036257020031298,11.24695065164628,9.112077097467315,1.4502764085768671,11.740829751812322,7.760226301457809,1.6214661512921238,0.28100704881102323,2.6852960595240853,11.413618598299447,0.9621380579887259,0.6544947768366167,1.84173552184698,9.813407690398805,12.032529257755789,0.5346549626662724,1.3956120928296236,3.1734110028851434,0.2715794893318826,5.007778332966547,10.398537770733855,3.0099410281840107,1.6194778703340043,17.14331850234697,11.546378994483193,6.521856114470897,2.0231714834283543,6.221138044978225,8.458471250448152,11.265210407662149,13.708883442384408,10.5365856393797,10.466848035416481,12.61271296681813,9.726668445058861,8.825840701553489,8.854933817276958,1.7487816879361124,9.206497331574495,5.240654596058732,9.821208983766995,7.405898147903791,6.328224654767236,2.8567995723060715,3.3909688957581423,10.861421509798998,8.136691499590155,20.368442563416057,3.524398829771796,10.271776065635553,5.20041503782467,10.974338248605616,2.3572452755382307,14.541579792962375,7.150560722750582,15.408649530283089,7.51939559771653,11.418893455738381,11.501002886644281,1.9354611666777701,10.808200106878127,1.0927177822746914,2.8482360676609106,3.560273050025295,5.268221891761071,1.1162094164458514,2.48940119325963,11.33220032214845,14.010549846617335
B0FFG2S8G1,21.006088506282918,0.0,31.605643872103077,11.758831570938518,25.97273010655881,25.672704476764473,34.889051438227625,28.34042956062653,20.245046564136132,14.553970990437458,28.47895004740544,24.887746483089632,21.04156988508082,26.060298874466902,24.06889899097454,16.88039698812853,26.0369128074901,21.366945546484196,9.653396174200719,35.70694429640787,29.096397630192495,23.194150173972982,33.139087928195664,20.206143273117874,2.905526273318709,20.390996844950333,31.157717972831797,27.66077511189745,13.409171614709441,24.358639904494737,29.440847660752272,34.015105777766145,9.792153262106003,25.779105452974658,22.152329969688736,11.765228608575342,13.2538002375408,19.40935676440863,20.77654870880904,21.00493391578214,27.23773885412987,20.16341618503067,21.654796013839245,21.479032505605907,29.995506615151562,25.17495652566373,20.551995568986346,20.88866349805389,24.14910415832765,20.7980377304184,25.992796945483892,10.722381893789953,19.725165797011368,19.96912648421348,3.90768847463317,31.25242409666312,27.49169659840491,21.852940640838735,26.972528244095564,28.50594876984642,30.074542187797807,34.37522148025252,27.39378651344054,31.344949819698062,26.838347304996656,30.294299431233345,26.462982579012223,29.795410102946363,19.963901997839724,30.212368898412723,24.836874463631865,25.26635163567537,26.318646492335606,27.291798353180237,18.301630590627376,17.672945796332318,10.870829949007993,29.09006753261821,0.7396593948918873,24.379001513057805,27.677195345181737,25.9398445128261,13.294245767960808,20.324760622243122,34.121569552738464,27.90484192586807,35.006150671624034,28.41564427364434,10.014169377323807,31.763071350573266,19.240239634567445,31.488757547580267,19.92599870232609,20.158566442547535,21.077957119486694,25.921011097957415,20.715644155863572,21.58432600330118,31.92395940288565,34.49630483867233
external_location_29965098,11.082028337263997,31.605643872103077,0.0,19.853829117229832,16.677924392230025,8.319275355510046,5.580241531130346,4.460903610470699,11.378221804101504,21.306566918669777,13.526393244586034,8.574266077287412,11.06205084045152,6.651121571296085,26.083391740234653,14.943402306710121,5.590966060387097,18.17738580507963,23.130090012542908,4.208110069142753,3.7158119250988055,9.064005156314591,1.7230943420320197,11.47298854580533,30.950552302867745,13.152002698183045,3.0588566711941967,3.954111288641977,18.416003758858377,19.859411148690267,2.512452620490666,3.370550884564163,21.843944493949362,14.277943141157072,9.713461475502504,22.794042436966045,18.595198187018926,12.676017659278266,11.354805464191099,10.600878220851655,15.925464885950843,11.733935262121257,10.512502340914642,10.184955138273903,1.877503871920434,18.409975396002864,11.416043932653277,10.824380330147283,8.463609146035328,11.217467628902597,6.986028133410916,20.88750738939885,11.882286929115867,11.75000999921935,27.85039727956511,2.6163426895479036,6.126893900296125,11.218924421727417,7.438433849408008,3.2671311418856983,4.6080233127116035,2.8009001488909115,14.51927590350372,1.9685298408844236,17.8904288211756,1.3554459071549938,13.131487880879494,3.114098138142111,12.619451977501972,4.048742321875418,6.824700648771067,15.655099021220327,5.944860205500236,5.1372662729653475,13.934742936286153,14.105770538210203,21.912636003188013,3.670895215488767,31.01915534839541,8.639585067715494,13.796388283008604,7.969310625464263,21.92618044467184,11.288481494701296,4.387599389061242,3.964731465209388,5.049972833589098,3.8709764665146786,21.648224041865813,1.0291498287456906,12.546635174042432,0.7411204982236276,12.151358867969183,11.448301327582397,10.58809032930328,8.20153330017536,11.7946924720728,10.026082202590807,0.41313245312130104,2.9329778124806563
external_location_24086259,9.375134305510688,11.758831570938518,19.853829117229832,0.0,16.884906953224636,14.251487379529115,23.365168015235295,16.636836372491974,8.52464086633218,7.956915268566771,18.340576000422608,13.420705944695573,9.414855898891776,14.409543127441893,19.265033464057307,5.252728783509404,14.299526183876191,12.99194443909027,4.6616057125107755,23.975018664418197,17.47375949232647,11.547858830398466,21.38034367132784,8.455360598716192,11.248558722184768,9.419680373541471,19.443884013928557,15.905345826198943,2.648987545659885,16.621195817061658,17.68405365150597,22.344590739390743,2.0088844062704507,15.893648902273702,10.434173634794181,6.536033736250687,2.109242380318438,7.8358612761195845,9.168480459296429,9.257873489197536,17.838981684468237,8.484917789889048,10.029586374391089,9.722896436252347,18.270004791455488,16.77640561788674,8.891015944386805,9.143446684079185,12.54778858941266,9.147755238006564,14.382178376642795,1.0376823657303738,7.984846368097973,8.230357689332447,8.010686255737289,19.606970109749955,15.89697752148341,10.515109810269966,15.519183191751672,16.78525707209222,18.587047144113882,22.618322456605185,17.561464184574792,19.597393062109397,18.1229341079114,18.538019444029548,16.24128152521807,18.066158883743114,8.593059718079227,18.541453864551727,13.116190906218215,15.840059296804437,14.716095041350682,15.580142250009668,6.880112660746339,5.989816721610783,4.115714777585356,17.367689487488207,11.16541759684394,12.851210797517377,17.632983042246366,14.483020479228411,7.194167880659384,8.5676291529114,22.52996460294685,16.15028866084668,23.41913843017734,16.677842571584094,2.147521521403899,20.03722999988286,7.533512729929983,19.730089926964805,8.327600250453115,8.416039148244103,9.386153637854523,14.503987531484793,9.256764544900332,9.828615475484542,20.16851885995881,22.753511483826337
external_location_4783237,11.123086270408004,25.97273010655881,16.677924392230025,16.884906953224636,0.0,8.994229609540943,22.253163995835646,12.42355161458025,14.310866355935785,11.45980242520626,3.9591535165314107,9.28545927230158,11.079339816509835,11.023784138032614,9.743345662376187,12.96109961945467,14.68188699429396,4.664561075976007,16.457971909590498,20.029511617218738,17.713435979713015,10.83965842018553,16.97475375897413,12.790857754539198,23.914642258236405,8.569829115721609,13.930899326023566,14.548121041387112,17.84467153726792,3.5186115284314656,14.45780978998904,20.016338455621018,17.93123919095225,2.4460226672858165,11.818250647405979,14.22103334392247,14.777729511860016,11.350272484303087,11.023460094701104,13.776294079898067,1.4534826190214385,11.786006621491978,10.9023262467415,12.803540081320627,16.62679021200824,1.8782079938103038,11.507611939136066,12.509872677305374,10.356575137792966,11.342058101470496,10.572090675524471,17.59501153755698,14.047743747497158,12.57637859335895,22.25941621576318,18.620951849013196,10.746626022388787,9.128312340018567,9.409290353507116,16.007916484656945,19.500327246914953,18.078084372571322,2.5249997895881418,14.924770780633889,1.492930949284289,15.676963982810612,3.547162782570566,13.569140078200418,10.142748968568455,12.731308278283892,14.718188065452212,1.3058492854975752,16.68244178313867,12.210158357762772,11.292751025214518,12.846350932692335,15.369872345076029,13.091321926066785,25.236364505545037,9.739990965284564,3.2675460585589042,9.267115893220621,12.702707307518988,13.468431117154768,21.06056102041208,13.64340970698595,21.717612895493055,13.191062831658709,18.93622310552226,17.60129071784792,12.375629872785828,16.009967378315228,11.272412520980899,13.951931980810981,14.643424289301276,8.98618841662939,10.173047490303412,13.439625837977037,16.647109164608615,18.867439482193625
external_location_2480685,5.018240313585368,25.672704476764473,8.319275355510046,14.251487379529115,8.994229609540943,0.0,13.716139985328248,3.86041061951783,7.540655082642876,13.510822176323522,6.985759412511381,0.8699055473205002,4.971064586065423,2.0296618256089314,17.921108762707696,9.011333736487533,5.751152817891011,9.864344816570377,16.37218537366471,12.25910493578317,8.744959240227047,3.159100425661157,9.136985311299284,6.490556410699203,24.47374693735595,5.495693794210116,6.28613394134976,5.579681207117589,13.801451906535384,11.822843143637435,5.857157049363363,11.66913112133181,16.03367614062955,6.559353825224672,4.545894591260186,15.418350846806314,12.465613730683602,6.43175188277233,5.168686842147441,6.700998018775363,8.646724134847075,5.9781586206440505,4.393618939723803,5.679842153459558,7.844873192814363,10.521684630581634,5.5487512348583,5.8549336014952456,2.1342306239826616,5.280087535425138,1.5785520419450538,15.252107978017102,7.638470266965077,6.526548608833192,21.772633939162336,9.850981017130444,2.266656232891841,3.82267618515295,1.3077149091528488,7.05706258674692,10.53491984477188,10.407122938538182,7.384760500926245,6.973000426651826,10.391810317846984,7.109236665640619,5.669173955486609,5.334842682921179,5.714130855755012,5.081372673646421,6.00931504911464,7.799423943030982,7.7797505816983135,3.331959488322215,7.404737270918846,8.346643300111584,15.102219163837901,4.676708312514818,25.00644096758316,1.5525733775570763,6.838029283938974,0.3548059848870953,14.31886719979851,6.865550945955478,12.544888015222327,4.758970035733731,13.300011995688278,4.494227932935353,16.344077513514396,9.096993412827254,6.9535268794296865,7.778113270834263,5.969142062483651,7.315632818057459,7.379016460695191,0.25271479862413,4.998388114114472,6.111213722419961,8.409447356962835,10.981629529440145
B0FFF4ICM0,15.575661539028617,34.889051438227625,5.580241531130346,23.365168015235295,22.253163995835646,13.716139985328248,0.0,9.921347628461454,14.93765324686782,26.070605918634424,19.08239289299822,13.842913923897385,15.567979171782852,11.872778420168345,31.596560108110147,18.969038618559622,9.546018533561671,23.561964390919137,27.17330162951071,3.894693731236573,5.971860387488661,13.83809093394042,5.717988523490974,15.499814926058853,34.61366433003641,18.074329492661402,8.508384684603072,8.516817161236087,21.479916772733663,25.402002893112005,7.878107640060589,2.3739387417752598,25.37092358509944,19.845499729054822,14.128498299082835,27.23925344949202,22.467165400654387,17.050418405381087,15.856662105330035,14.34719836064285,21.504154533660028,16.026399273892086,15.104743251043278,14.263493104675058,5.9489720730282025,23.972734773767982,15.793289900657987,14.956207136919424,13.470615092555512,15.647425377379378,12.263539899804577,24.360800376344468,15.52890450256236,15.830764898919657,31.324412933918378,4.0425270357864305,11.615139297140411,16.15609416401781,12.949205889750544,7.141264950005908,4.817350122360262,5.168925375923315,20.097007909242816,7.435503233369759,23.470665473155197,6.62796798763265,18.707927532058733,8.684024441825112,17.262827368555396,9.603560399014675,10.515005981037206,21.215120981356026,8.663029079531675,10.406873873628411,18.315188453149446,18.128721336024167,26.02706295116727,9.18810768556894,34.36928876090239,13.779522137099704,19.37111409270314,13.377032355239491,26.546036832959132,15.117514458909278,1.1928537957023173,9.033563276244758,0.8357663759474452,9.226157452801434,24.890988708639814,4.660431634748796,16.669854182320357,6.272182778013294,16.557442445927766,15.124091400705993,14.035536671133363,13.62792301862561,16.46911308047259,13.908245855243546,5.6510700642989855,4.211690304224717
3760136317304832000,7.357693396828638,28.34042956062653,4.460903610470699,16.636836372491974,12.42355161458025,3.86041061951783,9.921347628461454,0.0,8.64422852296,17.097896191223644,9.631751682056176,4.178723466469965,7.325875529147611,2.390740353152259,21.675268396273058,11.461576023615885,3.96698763120012,13.716667717582187,19.410120913864287,8.440976377354174,5.556787412398952,5.180543907631687,5.351491849127784,8.22281307547896,27.412532904332394,8.934801249706325,2.8214217909833663,2.6756148264812087,15.640420729183518,15.490856838405072,2.047692212048039,7.819672191764442,18.55799186613179,9.988878370385969,6.203060534608418,18.784393218697527,15.111855560448777,8.975378955059973,7.603053624139746,7.760938389655104,11.811188213787219,8.177086276906174,6.721720720934809,7.018266717905508,4.212596651563169,14.091320047813605,7.792495659893196,7.522805561404684,4.342784620107411,7.55196284081615,2.629535580644158,17.67138611982187,8.998232521143708,8.416798500376151,24.4912897329731,6.198123653833404,1.69528989910442,7.038856439976507,3.0352941119696477,3.8660854632514314,7.277417834948505,6.642109072353314,10.43404739903938,3.2279778421021446,13.71471581423091,3.293495179355194,8.906996768001893,1.5562512165755356,8.661050004287492,1.9748098383323371,4.965464697106389,11.33305866816323,5.711049855092155,1.064473660062839,10.16797628607178,10.669123378750733,18.158166519103162,0.8426269629740006,27.71114979485092,4.358698445303512,9.757644788932332,3.5093192424658666,17.80583610554919,8.272584240977778,8.738469451283505,1.5715188140839915,9.468408024634718,0.8097588863586406,18.601935852943125,5.270846912004104,9.107299036936622,3.9235745828224253,8.448941517972418,8.580711474508991,8.083504213056582,3.7408349371558827,7.842074660992457,7.1113173757610335,4.551162161356287,7.1539513676463935
external_location_2518920,3.1953972392333787,20.245046564136132,11.378221804101504,8.52464086633218,14.310866355935785,7.540655082642876,14.93765324686782,8.64422852296,0.0,12.06110904490575,13.835048902374306,6.6945854324269485,3.2411446326162734,6.793800923778728,20.830282636903377,4.190530829602436,5.794537211874414,12.568351979120658,12.259643944069754,15.462110546404304,8.992403781588179,4.383906213759322,12.957133505243283,1.5440483899488504,19.735550012649938,6.004106813002658,11.330717338832086,7.459667456908527,7.083744705060536,15.863790512826473,9.339384068598752,13.824874722839562,10.530359968153522,12.303206473958694,3.000677135509239,12.62262967889412,7.534277988787311,3.364715440829456,3.2883440244228623,0.8925914393246845,14.606124576439512,2.587095553953697,3.529753205516265,1.860923379329307,9.751710291051182,15.166661224333989,2.8101744791833476,1.8474244807592801,5.417705046412436,2.969083781246576,6.9466962558885905,9.548778513433632,0.6180302419979169,1.827679592044107,16.535086673851357,11.101906582694124,8.386941880895826,5.215226574499482,8.526797477789748,8.263970159476393,10.237735156795715,14.165127643955126,13.704790333230772,11.314201294852749,15.79852428566317,10.088960428390296,11.976561333018955,9.90906025819733,4.407405433784312,10.618062284101281,4.593861877015382,13.010932185509269,6.280392017643903,7.590114404388766,4.265487789260332,3.408005253811499,11.149588077639713,9.261554394645682,19.67210703508136,5.996024065650432,13.409434760678153,7.615249744914314,12.214587742199768,0.842826935063294,14.05296786155354,7.853385607813985,14.942718955529966,8.503137979211429,10.27017884791904,11.519421351211498,2.4130760820589794,11.30943874414099,3.2006791437008357,0.38154298975402556,0.9184085844566249,7.7666874994601125,4.162631266388464,1.5450884107999492,11.709585400744508,14.25370467535238
B0H0A5UO9Z,10.512373046134844,14.553970990437458,21.306566918669777,7.956915268566771,11.45980242520626,13.510822176323522,26.070605918634424,17.097896191223644,12.06110904490575,0.0,14.312205616900073,12.967532183607329,10.51649412921979,14.730802125508902,11.375876186023708,8.01913250235856,16.549583459523483,6.82078959748156,5.365481613446708,25.470491884986803,20.200478557890055,12.286517269132379,22.437712004218007,10.944185710298944,12.458808950647292,8.16986415469973,19.75804314654197,17.620197273918137,10.202556550579372,9.904555482119013,18.812233954685315,24.432300976982038,7.9452855502204764,11.566434189917791,11.962555893074269,2.795068592324148,6.440903835650417,9.144847736786451,10.232321539519509,12.283767835808268,12.775464025070722,10.189259101462639,10.965865453635235,12.019642062604671,20.230141440462624,10.625773290027324,10.351967477616748,11.332032529418877,12.847786524722883,10.46595725327836,14.469176675294603,8.127656584436862,11.459866458075204,10.584246664493014,10.95171200681296,22.031841015145233,15.725115461962442,10.093436502805764,14.757911915263177,18.933899140603994,21.756513376050133,23.7328886578318,13.09181526457398,20.324775198310153,12.284602381559404,19.96706878178123,12.442672032726344,18.65231788740234,8.807877450549247,18.581527887244622,15.718622817343066,10.858839479563777,17.83609435733969,16.225758213969918,7.9403965693369996,8.694438464678665,4.604345492974484,17.939174669711942,13.815038941370313,12.741181138852774,13.480994443213515,13.85116024882165,1.2642070660580684,11.525058322265899,25.01428804220473,17.349248432333635,25.870332157952433,17.50181281250718,9.371902987413073,21.850436190286725,9.778167763397594,20.91665531725938,9.594203932056107,11.735970523917421,12.928772725127791,13.71720512522773,9.604579103118295,12.517810080364223,21.49920953811356,24.17667165564925
external_location_2480605,10.738771987927185,28.47895004740544,13.526393244586034,18.340576000422608,3.9591535165314107,6.985759412511381,19.08239289299822,9.631751682056176,13.835048902374306,14.312205616900073,0.0,7.593580691268035,10.688657332924548,8.86078633641027,13.619873836553715,13.67637661942761,12.643532087281196,7.94936269027477,18.829079221945623,16.52372959314099,15.164711302935377,9.691938620265947,13.571855220745727,12.460735428342373,26.665168505789243,9.072339959206095,10.59318843023504,12.088761509250318,18.7624188010089,7.470218963629246,11.557708294322437,16.766833403566224,19.70533677493897,2.7459104459062966,10.951919512277424,16.932148566512964,16.264936682368166,11.511168197306723,10.739153164371725,13.120601803914626,2.6931250271165306,11.601085333620347,10.311612197353927,12.074376697207885,13.796811433293406,5.821854079476758,11.228621703919954,11.992910663285201,8.890451991764413,11.000205751782351,8.42595439768848,19.188968465663297,13.738376561934956,12.347157754939921,24.64403817375741,15.722640279093477,8.09278517723475,8.770563985409549,6.874361526331586,13.452486929348693,16.906066923455132,14.582616270177923,1.4509627790448518,11.650325055641737,4.683198652786349,12.696793346971635,2.0994396803976048,10.502824513457577,10.358959826074242,9.481486346803349,12.993088945783146,3.719237769240526,14.673071235484853,9.704496356358788,11.885143779449859,13.32114641348825,17.63716656989186,10.155628236205317,27.755312132580453,8.225503220348394,0.8383761798069026,7.141305715327904,15.480555518214343,13.034884796047688,17.89529566050552,11.059654194096467,18.47710033432442,10.439277396076328,20.47665791367704,14.50956122780284,12.413138777234101,12.815478076747928,11.2581763053945,13.526716676992205,13.920825106969136,6.872786549361323,10.07201701435122,12.635760346018376,13.431465740504018,15.429768496546476
common_street_3a9345f648a8f994428562e2cc4848c360d58bb91469fc96d066a25de1d1b5dc,4.153528924126706,24.887746483089632,8.574266077287412,13.420705944695573,9.28545927230158,0.8699055473205002,13.842913923897385,4.178723466469965,6.6945854324269485,12.967532183607329,7.593580691268035,0.0,4.106769252268391,1.970839693810746,17.931262511885233,8.17367924505878,5.399479631610214,9.73301243597496,15.64415411010277,12.618950697461973,8.624506388425107,2.3110147421585734,9.526435168632858,5.622389160632346,23.733633672708102,4.854538795620307,6.791901746148518,5.496491417616436,12.936703618470908,11.934979440352041,6.070332359457081,11.880983261617255,15.22044523760468,6.887836494875743,3.6950265851202526,14.781014854286573,11.660887011093472,5.590457621130334,4.3099001436385675,5.865476833636692,9.063779946756805,5.112146604014014,3.5255239783736725,4.835514635857004,7.912406313209736,10.714814976399014,4.682731363955779,4.990868621225961,1.3316167544124298,4.413978720580619,1.5911362025167906,14.4262517774135,6.778217214909821,5.6566497618082465,20.992178044904044,9.900591179251336,2.7696685713412412,3.0745574463865153,2.0989048478850423,6.98199896333682,10.408226687519829,10.813047606235418,7.86427789887159,7.383136216614089,10.721653279937714,7.305569595843903,6.112105313348184,5.715984544422183,4.92462587634537,5.634005447308914,5.49308376484383,8.045118299044422,7.397564192640534,3.4548192489170173,6.596946234208085,7.496004229919152,14.376141185220346,5.019404595103396,24.226454831668416,0.6993199938937168,7.371272174908816,1.0623148816757224,13.727599540881297,6.0069222374605316,12.688869383328027,4.811842990532493,13.473319572356298,4.704029255356876,15.505079811703904,9.284147755218987,6.088973722026494,8.086691265070753,5.119059958550847,6.461542039222662,6.566007611087729,1.1165021338583672,4.182502349793092,5.288595139403296,8.703120264051902,11.33053588645714
B0FFF0EHR9,0.05086705817186391,21.04156988508082,11.06205084045152,9.414855898891776,11.079339816509835,4.971064586065423,15.567979171782852,7.325875529147611,3.2411446326162734,10.51649412921979,10.688657332924548,4.106769252268391,0.0,5.018756413685027,18.035666599379795,4.17369394113717,6.033687593286357,9.652528001476977,12.124164277326178,15.270139569685577,9.684713882978352,2.1533109460271276,12.399563546213868,1.7761194739724662,20.089739385741428,3.05317562001739,10.14699506257837,7.206685717577111,8.830406538600542,12.777772488603203,8.664712675412806,14.0225041790179,11.284311119608386,9.065165999663781,1.4465507038953451,11.756212931951415,7.794434267367604,1.6508469386127564,0.2934436272595315,2.724181525155611,11.366941754958846,1.0107401059830956,0.615253878807183,1.8701863901707858,9.799820031177285,11.992906904595603,0.5840720145313298,1.4363258737501146,3.1331031732929446,0.3222068961538612,4.96890229920706,10.437696977455234,3.0590536723682726,1.6702923175405209,17.17765658024995,11.53750081622437,6.482349678781043,1.9760719267997318,6.175905296955521,8.44829944672248,11.265800484173814,13.685261010306498,10.48810786347771,10.439077039295412,12.569182335402528,9.70663587461673,8.776702122901352,8.825231243656484,1.7430485987246493,9.17142282199094,5.244032490704768,9.77721527485905,7.41195164071014,6.298028209001296,2.879999994082197,3.4321940456481324,10.886420662000043,8.10654094597454,20.403259219528145,3.4794077605285287,10.222351241411912,5.154460809333407,10.983974176521025,2.40370581142413,14.531922231856335,7.127973326723709,15.398320918256356,7.49199284920557,11.46054645847445,11.484985728736989,1.9824653488876671,10.785319548991305,1.1231532826892399,2.8950869030481083,3.5991155962208308,5.221183405480585,1.092246442040698,2.519401918475949,11.310855751495195,13.989946299616431
manual_submission_wt3md451f6rz20250807,5.054533363435706,26.060298874466902,6.651121571296085,14.409543127441893,11.023784138032614,2.0296618256089314,11.872778420168345,2.390740353152259,6.793800923778728,14.730802125508902,8.86078633641027,1.970839693810746,5.018756413685027,0.0,19.870593226905687,9.18753270005363,3.7845621846543747,11.702181911185018,17.044528691601997,10.755662839764495,6.7275599865884255,2.8672605437779963,7.707115484978556,6.113157237743819,25.07067774878922,6.561567827235002,5.176268258929617,3.5696071960602436,13.5870398990871,13.820667182259196,4.138969595426935,9.929763865663555,16.298738148036893,8.587664659919307,4.046128067419004,16.39370442316852,12.81115745533364,6.655995785148664,5.28519851555948,5.903120594066277,10.652217893529885,5.924673328313552,4.405672953378477,5.015063768598917,5.94209134527144,12.54266804874282,5.520774832649525,5.415232160279235,1.9582654581833103,5.268257345609878,0.4526283384460003,15.438255055434077,7.048134639667064,6.2593553196644605,22.194120394247957,7.93303458703141,1.5931508066667497,4.653523513015364,2.1055692111781394,5.053935400042502,8.517221154788235,9.002756879755575,9.364528482330826,5.611555435277242,12.417808964635459,5.35866491809633,7.673395865293726,3.943980321049115,6.280252351779996,4.154393474657457,4.226207094360514,9.826946689995943,5.81647838542988,1.514060774777444,7.8193030213019155,8.42054725910768,15.788685153714301,3.222306636375727,25.421065947921342,1.9966604274808042,8.785005183070739,1.7716432955766512,15.421964067787512,6.284848902835445,10.720664280054287,2.841005871649947,11.50979692337246,2.788532724972324,16.42014851404362,7.328463781616281,6.884151222686512,6.203323343696291,6.135653198399244,6.659212967211958,6.4029795307764745,2.0539626296552966,5.46565679655809,5.255754590467488,6.8044131626571405,9.462534338069485
common_street_2ea36b9dd33892d205d912be5c9283ea84cb05e4c52150b4a371209a5f0c989a,18.062163322638373,24.06889899097454,26.083391740234653,19.265033464057307,9.743345662376187,17.921108762707696,31.596560108110147,21.675268396273058,20.830282636903377,11.375876186023708,13.619873836553715,17.931262511885233,18.035666599379795,19.870593226905687,0.0,17.76149139909386,23.135058177175694,8.414047157073636,16.403128200653377,29.651417287376983,26.547532898369234,18.742602407070972,26.553148539222722,19.340327447210022,21.372771361678815,14.984735336130779,23.50432181022945,23.427017535905748,21.292755257919247,6.288322116448069,23.719270334633663,29.45264769044668,19.304995389431923,11.936453158201214,19.244987097769837,13.621119392530256,17.52806088158234,17.465933298752667,17.84984720200136,20.632113967352925,10.930368935261251,18.316442964737643,18.14922097526915,19.90298610728054,25.76571297334644,7.873815650338196,18.22668428541586,19.370845152217452,18.654431102677464,18.18030730918864,19.444410933191975,19.49918644822737,20.356973915381364,19.017631781490163,21.164913794037368,27.77208920576676,19.982235471539962,16.482626367721824,18.652431168777397,24.912930687494686,28.323815664526215,27.704710658723716,12.238429172398245,24.445324659626216,8.998304823706373,24.968593738742282,13.162766786614226,22.977788952501797,16.482133826570095,22.273929322025488,22.824718178320847,10.528649969350166,24.978111077260923,21.253067556881913,16.7312861363539,18.105543878093798,15.896034064382388,22.422313730925232,23.36140789095044,18.169468767706785,12.99591546576506,18.248821254820893,12.378605796786383,20.054286888962654,30.413252851284273,22.676622211749585,31.128248958821185,22.381151125154517,20.74702264383823,26.943054419300985,18.454443777524574,25.458673901452425,17.66657938442964,20.450016725139733,21.475441026880308,17.98843517820537,16.94682972777305,20.545663078618105,26.10112028471107,28.452859432871172
external_location_5058067,4.135880440052483,16.88039698812853,14.943402306710121,5.252728783509404,12.96109961945467,9.011333736487533,18.969038618559622,11.461576023615885,4.190530829602436,8.01913250235856,13.67637661942761,8.17367924505878,4.17369394113717,9.18753270005363,17.76149139909386,0.0,9.538559334195634,10.018135771634867,8.232319599839046,19.12955347073643,12.997297921605096,6.320360936146894,16.385105709007465,3.4990254212896064,16.02385577850763,4.610657981018134,14.28079637116893,10.99915122158047,5.089430853311271,13.622598010639306,12.652613243895464,17.68009044505058,7.111441035716474,11.493904695129883,5.295456448811847,8.43220571531389,3.667319947161569,2.584267155459648,3.9202324432745614,4.636377763094799,13.652949719746992,3.2856719741155667,4.7889024517739465,4.779525022580464,13.495782997700303,13.322883507752572,3.671755780298952,4.121030920346173,7.302704853408252,3.9198711195700597,9.141920074761758,6.269007125694826,3.572545026003493,3.1989123308398817,13.031510212609836,15.036156428379524,10.653508795725292,5.338571144516428,10.27088809368352,12.049776905421647,14.351798732381955,17.65173214761842,13.113406736553292,14.506969881113193,14.35787542045302,13.599722546121399,11.601740066465775,12.929840266650904,3.4473557183039802,13.335153805357471,8.465515820897888,11.760050467777349,10.372676366599554,10.416497212256099,1.794643305922095,0.8449337637175648,7.061041044974104,12.219399980819913,16.24958797692122,7.598614104824922,13.049971569490792,9.235718794098956,8.064709147573003,3.8579724279600387,18.026411723199793,11.107025077096791,18.912345835392745,11.563690693840215,7.332745650102645,15.242465914163377,2.399173083180758,14.745335361306335,3.0759551960987443,3.922477094609312,5.102607554658944,9.26403737911898,4.035093246770911,5.064540133955386,15.228278101957391,17.87291064196452
B001B0HPL4,6.0390377078066155,26.0369128074901,5.590966060387097,14.299526183876191,14.68188699429396,5.751152817891011,9.546018533561671,3.96698763120012,5.794537211874414,16.549583459523483,12.643532087281196,5.399479631610214,6.033687593286357,3.7845621846543747,23.135058177175694,9.538559334195634,0.0,14.780999891500445,17.77059902493723,9.675512459066317,3.660635483355358,4.501824344505086,7.206757759908139,6.039704369265595,25.459480488776414,8.710002272747378,6.059893160831525,1.7727905692546473,12.826525236262867,17.275554908015895,3.7775499969204307,8.141546626806758,16.29859600793642,12.27131552752626,4.589096804680497,17.703658304673354,13.140357611634167,7.506448391984096,6.319702243809334,5.044267238682682,14.396308506857348,6.48847314709099,5.6010610521563295,4.7676296514221255,3.977877488068499,16.10282275166538,6.247421131983213,5.4490097957663215,4.485055309414799,6.10284431486444,4.225859874465891,15.329281646793424,6.315086749840257,6.35069691011023,22.307517572190175,5.5365614233949545,4.809300529139283,6.866632377801269,5.815284539951017,2.5122729049403514,5.317293042663942,8.386589342604225,13.132040128039161,5.771775051301098,16.10872321266259,4.331701913091795,11.419908771179667,4.67670010317346,7.749828257249834,5.738388537366159,1.249997124837448,13.444557966882222,2.0326779874063052,3.2466069499248005,8.773298702048278,8.693654535947582,16.587916943046245,4.213574183276883,25.45914833041897,5.015158415837702,12.565171276661788,5.5364855278435225,17.001299704934603,5.764526710965893,8.53817167558402,2.565702262224216,9.415730163311222,3.423564824602458,16.06336154035239,5.741817186733898,7.180686904132633,5.5741785509785675,7.011481404181089,5.883487035931782,4.997355173001004,5.815486832358868,6.977535294106691,4.5060615124656875,5.933329368933625,8.459680333242261
common_street_049fa16aabf77b4e41ee37d62ef751ba23516acc43c3b8d72468bc8c5b5f79fe,9.681395956532974,21.366945546484196,18.17738580507963,12.99194443909027,4.664561075976007,9.864344816570377,23.561964390919137,13.716667717582187,12.568351979120658,6.82078959748156,7.94936269027477,9.73301243597496,9.652528001476977,11.702181911185018,8.414047157073636,10.018135771634867,14.780999891500445,0.0,11.953339586780718,22.015206329775584,18.269194141691052,10.346139322113105,18.879522389666,11.045960495235573,19.26110337549412,6.617228695900032,15.888642806333781,15.202188547678704,14.39170874112222,3.6678486488053883,15.720829014266153,21.53289749675428,13.764051811973006,5.305243865590588,10.833946620303294,9.601942100444868,10.94058160837245,9.232371121752413,9.480824859178872,12.296670626126597,6.0365770994769745,10.006609018276356,9.741877639923032,11.522704465325157,17.644038392289467,3.8944001546605156,9.880102430368396,11.018166233978535,10.324419217326538,9.814457480918552,11.300943244521271,13.569782676910272,12.140086235670227,10.741294057329347,17.705930603133933,19.633499283492622,12.063032706185618,8.069159254460532,10.794902213939691,16.679622342337787,20.0278500640416,20.108892327427952,6.583854607752724,16.718462802707748,5.482774905503999,16.972089352613104,6.435083980417215,15.139257577320198,8.16856310358349,14.639183836105259,14.422806112687399,4.2634873812828,16.58666961831162,13.15510210536098,8.683202725681552,10.17902883898428,10.935126342517822,14.516059159469226,20.628744986045067,9.886162129751225,7.116040653074699,10.21130631726166,8.074776124802725,11.764346053210954,22.39823181270081,14.541752001262417,23.162340738733796,14.355487524698173,14.918880507476953,18.95986710070988,10.258174038184986,17.61344732877627,9.37137872906855,12.186868451641246,13.154809546861213,9.975868084918304,8.570863729972732,12.170513815942613,18.250748627356263,20.76053999418182
common_street_da998c82822f4139bd08a7cdf2f95eac02dc27f8eec49e80290c0e93d81560c3,12.098054184878837,9.653396174200719,23.130090012542908,4.6616057125107755,16.457971909590498,16.37218537366471,27.17330162951071,19.410120913864287,12.259643944069754,5.365481613446708,18.829079221945623,15.64415411010277,12.124164277326178,17.044528691601997,16.403128200653377,8.232319599839046,17.77059902493723,11.953339586780718,0.0,27.32969689965266,21.20616930562787,14.23927218415157,24.517088226366297,11.730896672049948,8.112042823227702,10.9382681858509,22.219309217008032,19.20331044929532,7.306679032275022,15.229683108680684,20.779000413571044,25.912127409464535,3.4334515365026905,16.13833389457689,13.420820252907829,2.782507669704929,4.741607677182923,10.48064104184835,11.837248913506324,12.82699806453855,17.670952015323202,11.396669352955803,12.710688507963992,13.007494725516844,21.72247003420444,15.834367592816944,11.725236818411574,12.338337650331235,15.088754901226357,11.937188930465995,16.90666577494955,4.156275848113963,11.6568656854392,11.42403369924481,5.826573868959824,23.263442603393756,18.354406848836664,12.569773292439796,17.67978898444769,20.281300014066794,22.497375820231245,25.798038435399828,17.764126974314298,22.55987247751905,17.428964310605753,21.77915613258089,16.809589363905005,20.93289395159865,10.775630786649836,21.171631488415805,16.690296171820123,15.678668812545013,18.53446559655364,18.404847434915265,9.250811519527272,9.077249061843224,1.2706958709790053,20.210551617054517,8.934404222520289,15.212365451413971,18.030784597598966,16.666887674813577,4.154832704619614,12.060563469530587,26.24878019517518,19.236337088518912,27.136037485723165,19.614684072292206,4.957629774392116,23.463182443232807,10.60398442179833,22.89283687576915,11.009741402882721,12.053524996572403,13.173922727801083,16.612712250730723,11.581134793996842,13.29004346388577,23.399724673470665,26.063010428252515
external_location_51410947,15.290138050159337,35.70694429640787,4.208110069142753,23.975018664418197,20.029511617218738,12.25910493578317,3.894693731236573,8.440976377354174,15.462110546404304,25.470491884986803,16.52372959314099,12.618950697461973,15.270139569685577,10.755662839764495,29.651417287376983,19.12955347073643,9.675512459066317,22.015206329775584,27.32969689965266,0.0,6.909292417342653,13.261992512920376,3.1358036867551538,15.646585451713483,35.11720726659353,17.303528763900452,6.157893028822968,8.130572390126545,22.42666073975271,23.371015402863808,6.662661386550004,2.2798730314550606,25.97378263101952,17.723463948198447,13.918364019297352,26.99748859478188,22.771644369452737,16.883095533670094,15.562868504218061,14.71888169298238,19.10099998536787,15.935987546692736,14.719313987930722,14.358677518192481,5.712470625579796,21.841211084367693,15.62198040419212,15.008526210296989,12.623716306345747,15.42486407797477,11.052870895742375,25.00441687609055,15.990363196351238,15.932010061071585,31.98275660671127,4.811669622168456,9.999839097863406,15.377074815194074,11.225104084661922,7.203849678914924,6.740337216466451,1.9514487464206658,17.69426690641821,5.300558566906581,21.109034194039218,5.563503984094509,16.51403395158609,6.925054428212086,16.819830671849566,7.401844367224393,10.870456405900448,19.128542578299605,9.605313452850847,9.249590846716428,18.142589354309568,18.289250380139084,26.115797235539038,7.60280843902412,35.13304285180675,12.752288622804258,16.939196561410956,11.90434173145487,26.11383068962193,15.428576039442927,3.255106391047961,8.161910947091213,3.059361686790617,7.9719488921228505,25.717835354591934,3.9462378569431937,16.736430101521186,4.55465781679296,16.358852455410815,15.558986753919532,14.635338568681842,12.108922300371873,15.99415615342346,14.165936335653836,3.97690381802829,1.293881052898899
common_street_faf524fb894943ca0566b17b7d7d8b453316cb46fb1294cf2518bd8d02d761ae,9.688227278542913,29.096397630192495,3.7158119250988055,17.47375949232647,17.713435979713015,8.744959240227047,5.971860387488661,5.556787412398952,8.992403781588179,20.200478557890055,15.164711302935377,8.624506388425107,9.684713882978352,6.7275599865884255,26.547532898369234,12.997297921605096,3.660635483355358,18.269194141691052,21.20616930562787,6.909292417342653,0.0,8.12229970361443,5.3863186085024335,9.530165521193249,28.712920689932886,12.354710498553267,5.984483925827757,3.1669247537862546,15.71515710860278,20.544883926290396,3.882082593569612,4.953043737175334,19.482557131077925,15.268555938416828,8.238260899562482,21.284617952282833,16.50925254650045,11.11657483145917,9.968169580870605,8.379199302325883,17.235778803264072,10.083896582838177,9.26139210666509,8.30234713713292,1.9621083260280072,19.266592941745266,9.870522244405713,8.996993009395478,7.953251028492357,9.739860826661875,7.171923315990444,18.482525167350808,9.575307671192059,9.863373190081314,25.46552480217332,2.169136028585435,7.0844576377368895,10.48535820168198,8.370933280075105,1.7174111765891613,1.789998958183546,6.203523702264781,15.889173053937782,5.118534047182052,19.074413263834835,3.2413029962459103,14.278571657072927,5.135250150779336,11.407690534566253,6.415959836417465,4.5478042176669335,16.5402341284165,2.779824738566705,5.521005600812276,12.374870418435878,12.156861992930507,20.05602053191362,5.189243605887491,28.553754808535288,8.388622021107144,15.242389773034587,8.454098257036378,20.62761718183989,9.147326232433572,5.061114444067747,4.114111440475776,5.950925696131674,4.747748163882273,19.082269566700955,3.20187112912867,10.703153294923794,4.187502890213379,10.634542677038404,9.165083743325658,8.101207385855288,8.732963890758429,10.638110085339283,7.9366240081837045,4.127444882046131,5.9040789791650745
external_location_2553785,2.188133865919278,23.194150173972982,9.064005156314591,11.547858830398466,10.83965842018553,3.159100425661157,13.83809093394042,5.180543907631687,4.383906213759322,12.286517269132379,9.691938620265947,2.3110147421585734,2.1533109460271276,2.8672605437779963,18.742602407070972,6.320360936146894,4.501824344505086,10.346139322113105,14.23927218415157,13.261992512920376,8.12229970361443,0.0,10.32769906468289,3.3850270306224286,22.232076430427846,4.244364551113124,7.999923232541856,5.340789199754048,10.820077077717979,13.065580439048876,6.6122707880648965,12.145784061798599,13.431698061544296,8.57455267609049,1.3868334181241775,13.738076727435878,9.94772001071444,3.797759251257475,2.424901022035173,3.5573571328415468,10.849474806346228,3.0670393348083747,1.5432298498578807,2.524501316068172,7.949269715362204,12.043432879685135,2.656842957460092,2.720146403372392,1.068568000825608,2.4018375288595246,2.8433079599352986,12.57483352660906,4.486371995230541,3.47338349504907,19.330956923828843,9.79681466086791,4.361108457223818,2.365763801461269,4.216463699187276,6.703526189893923,9.81656817920312,11.620249466063523,9.773445606322598,8.324770509602871,12.322008021365967,7.712904503465461,8.00644567115534,6.693839566826361,3.5585694556984366,7.018363597497854,4.083604485766772,9.545316318176374,6.240649242473139,4.1655842718231195,4.990447605434753,5.558051076172695,12.99244465099529,5.972079284072075,22.556485654569034,1.6121548048094947,9.369568565012974,3.2544245016438476,12.866531329161736,3.711298967096285,12.75390530810548,5.100620834393341,13.599828340689221,5.386966580036669,13.571966387350137,9.566916534777738,4.037147046143591,8.736904818713667,3.2737496095116674,4.1569374838148105,4.282058736346355,3.3892840917319647,2.732366857928039,2.995623343860885,9.287065296689526,11.973247966654904
external_location_24085714,12.423775653427219,33.139087928195664,1.7230943420320197,21.38034367132784,16.97475375897413,9.136985311299284,5.717988523490974,5.351491849127784,12.957133505243283,22.437712004218007,13.571855220745727,9.526435168632858,12.399563546213868,7.707115484978556,26.553148539222722,16.385105709007465,7.206757759908139,18.879522389666,24.517088226366297,3.1358036867551538,5.3863186085024335,10.32769906468289,0.0,12.951836592415678,32.40884252096935,14.268680300852862,3.0500322882946658,5.497469230887804,20.02302358763733,20.280549030244803,3.738522246031917,3.3447602278126154,23.35876745929276,14.640028950622005,11.106865176984792,24.05259148972512,20.049733629240194,14.037317918837177,12.68924254156208,12.154433389168686,16.097203334451457,13.13433912072418,11.825944501505653,11.66939953633686,3.5999195303015163,18.768285726781023,12.793537196941909,12.28482925378873,9.616624919220254,12.579933732655178,7.978571528442428,22.41672174190091,13.43976911225734,13.211257078639644,29.356339968828525,3.9191493669907174,6.873418769579349,12.355425161988405,8.089634011771924,4.971742703988293,6.048579077208443,1.2967634626838163,14.68643968361069,2.1671470427616697,18.096206599045566,2.8753707258298093,13.443005963281681,3.81269412685103,13.879465788694658,4.281795697567136,8.452977428517176,16.0412537958727,7.665862836380934,6.222088713569768,15.27937201820514,15.555881139986509,23.284642190909793,4.509022293407278,32.54158663443122,9.69775984794023,13.939151575656357,8.782207467613373,23.11944731980184,12.815985955784836,4.601929821673896,5.283281372344565,5.009395187058335,4.956058636655281,23.215239023101397,2.288869861253185,13.986455036420626,1.6507022607800665,13.508653437975937,13.005090335563207,12.19440920388694,8.98176778288996,13.0529545833442,11.559559269333178,1.3217861901855559,1.899752629685699
external_location_2553795,1.7268215769639326,20.206143273117874,11.47298854580533,8.455360598716192,12.790857754539198,6.490556410699203,15.499814926058853,8.22281307547896,1.5440483899488504,10.944185710298944,12.460735428342373,5.622389160632346,1.7761194739724662,6.113157237743819,19.340327447210022,3.4990254212896064,6.039704369265595,11.045960495235573,11.730896672049948,15.646585451713483,9.530165521193249,3.3850270306224286,12.951836592415678,0.0,19.477563830860866,4.4639051605101265,11.010012691329303,7.520991862853022,7.474090129926516,14.321322766907308,9.23761187884026,14.181244787773773,10.415917958725325,10.824014235286217,2.06838452091186,11.77709403379312,7.125096219277577,1.9206075284214625,1.7749867509131134,1.3632129957942385,13.12239690584696,1.0450282075986481,2.1873873091433014,1.2882610964935965,9.998586374650628,13.625062795017095,1.2845130929559894,0.7015401974403777,4.453401271756308,1.475580822471585,6.173860806451823,9.492990420508978,1.2834594647488964,0.3609480841953742,16.4058400715269,11.546063386164429,7.678077776475031,3.742137656816486,7.599588902132452,8.550754269247046,10.945799405046428,14.205613964613077,12.261216632928583,11.14205699853982,14.275938981207446,10.137121622222573,10.552615422178107,9.61994443021386,2.877610922980764,10.16215657333109,4.985160036593953,11.493928834123391,6.972481620674748,7.159612474586183,3.009470489628479,2.6542299776284195,10.551863414076712,8.928825432411063,19.598727080297884,4.943236007305936,11.99844169998376,6.620893567749083,11.218482552059989,0.7184905567255141,14.540736123466022,7.699124070436122,15.425053946128829,8.226222710394039,10.382743842902281,11.748408423969801,1.1857524515815043,11.304870167273783,1.6764055898840462,1.1701749289308656,2.1462651854073767,6.731731474015143,2.62545715682392,1.6059099660805072,11.768633029572843,14.3970663629529
common_street_49597366c6d136a96859776ccb55a05bf1d939d99514164c6b928f63a555da97,20.05943627105423,2.905526273318709,30.950552302867745,11.248558722184768,23.914642258236405,24.47374693735595,34.61366433003641,27.412532904332394,19.735550012649938,12.458808950647292,26.665168505789243,23.733633672708102,20.089739385741428,25.07067774878922,21.372771361678815,16.02385577850763,25.459480488776414,19.26110337549412,8.112042823227702,35.11720726659353,28.712920689932886,22.232076430427846,32.40884252096935,19.477563830860866,0.0,19.050309677658042,30.23169231104196,26.998040800977126,13.33376588073868,22.056667190602447,28.676161850053145,33.557308061541875,9.244405966063685,23.932207062015845,21.311918734001175,9.742679437487212,12.359785061227017,18.43899686062666,19.81022709441756,20.422445655943797,25.233601210621778,19.288210964397464,20.69111546700494,20.765638388886764,29.437316600616487,22.982103778984115,19.647703731766555,20.130925155411493,23.123981380450203,19.876727189073925,24.955861140807922,10.260437518288944,19.17283264359957,19.204269436744056,3.483356264464047,30.836145818146328,26.422100027679097,20.66204249456816,25.781431113691436,27.96371875462014,29.83334760083306,33.6735989076582,25.50391129569731,30.51487733675565,24.68160367205289,29.613154710276802,24.707294635892712,28.91398004864666,18.836313291151974,29.216112941550765,24.30676977027739,23.30442922679858,25.961676174508533,26.38765439507054,17.251413201969907,16.85379786665289,9.382256803737718,28.19612766484724,2.359707114777897,23.281368333117996,25.845789373060345,24.763941054637307,11.231632098305893,19.69521898322744,33.772163253224974,27.13041218541664,34.66170613936523,27.56713816499481,9.90238639920699,31.199320368919626,18.422392330528364,30.767998934649142,18.966835990353612,19.596852199782933,20.6144277760106,24.715755814889416,19.627744551082532,20.955823940538547,31.243908433414834,33.87334486645415
common_street_471ccc6e867e7f7c384cd6f9388c88026ea35072d3d75d81449162b1225fbf89,3.0784050432131878,20.390996844950333,13.152002698183045,9.419680373541471,8.569829115721609,5.495693794210116,18.074329492661402,8.934801249706325,6.004106813002658,8.16986415469973,9.072339959206095,4.854538795620307,3.05317562001739,6.561567827235002,14.984735336130779,4.610657981018134,8.710002272747378,6.617228695900032,10.9382681858509,17.303528763900452,12.354710498553267,4.244364551113124,14.268680300852862,4.4639051605101265,19.050309677658042,0.0,11.633294799550482,9.562715044694858,9.691062585759031,9.86122537689851,10.650243476453287,16.3278038561688,10.989659502510827,6.913899026603127,4.343125289822678,9.930273475693301,7.426045674751402,2.7998433126888385,2.8665431477838004,5.681998343995175,9.124048490012665,3.418880140755417,3.234339158062597,4.91833394633875,12.162016793966378,9.227129686528109,3.2647829199510623,4.400966677369351,4.688549680924199,3.1988566021932456,6.309887570705461,10.3404733171389,5.63233371415508,4.183253404456156,16.48349894283514,14.035468594805998,7.623908121117594,1.935362157027698,6.793645032660535,10.94595170737398,14.024297118754188,15.564273959686659,8.513989785288112,12.162776255461125,10.024024251084084,11.820533330590427,6.992335350521268,10.490678709099575,1.6163522388324738,10.488001561540504,8.110942091391555,7.3115910189179925,10.30225651945985,8.056323096109852,2.8309848561478494,4.336571355857543,9.668171133193638,9.774656865629272,19.705042283183044,4.576105960939286,8.439326902518728,5.813614429842875,8.88087336589992,5.18044416460673,16.979640658300106,9.207757648136978,17.81723403637402,9.332901282957849,11.566962640623949,13.731623964064994,3.8411979898546273,12.749015512145501,2.8136573106594946,5.625190513897197,6.5445330101643835,5.725694295173924,1.9624039381792173,5.561411105150408,13.335674108377402,16.009648306894462
external_location_24085694,10.178972686011708,31.157717972831797,3.0588566711941967,19.443884013928557,13.930899326023566,6.28613394134976,8.508384684603072,2.8214217909833663,11.330717338832086,19.75804314654197,10.59318843023504,6.791901746148518,10.14699506257837,5.176268258929617,23.50432181022945,14.28079637116893,6.059893160831525,15.888642806333781,22.219309217008032,6.157893028822968,5.984483925827757,7.999923232541856,3.0500322882946658,11.010012691329303,30.23169231104196,11.633294799550482,0.0,4.335476086026137,18.38039930153555,17.230612465669857,2.3847737676677707,6.175356831357487,21.372383495219903,11.590246333036257,9.01094756451664,21.534337196379376,17.93292288637779,11.796106162754903,10.42354101264098,10.462302950588752,13.077809266841651,10.995539503520881,9.542006974211446,9.78147487966117,4.074380580558784,15.719524380032576,10.61303007584673,10.312941232027597,7.134246995162532,10.37319361303581,5.348215470131777,20.47953099786294,11.723596047254755,11.216321900512078,27.311481359236097,5.57813206615084,4.036411976732945,9.775617625931561,5.143427139858782,4.713819507693201,7.335048850490906,4.226979778356442,11.6665349934972,1.0930224815480127,15.069923383728316,2.7607802482600348,10.395500179633018,1.4263168440897123,11.455928525474015,1.2496019546121337,7.247949665599701,12.99123161529723,7.291250538576008,3.8661480914277333,12.983802570341261,13.484983863489527,20.964481086126444,2.0825647671066374,30.530216079653126,7.081273264176101,10.925262739190444,5.93586451974671,20.513649713868,11.018902039128388,7.330111033754693,3.554039040963631,7.8850249824067085,2.8281729410979004,21.392649792911875,4.086732702731682,11.920130705243665,2.3180431875924916,11.26998124921982,11.298275289853192,10.700155155606655,6.104597892719207,10.64190728415636,9.821589236331993,2.883551554425958,4.94913530892223
B0FFF53YN1,7.222031844128221,27.66077511189745,3.954111288641977,15.905345826198943,14.548121041387112,5.579681207117589,8.516817161236087,2.6756148264812087,7.459667456908527,17.620197273918137,12.088761509250318,5.496491417616436,7.206685717577111,3.5696071960602436,23.427017535905748,10.99915122158047,1.7727905692546473,15.202188547678704,19.20331044929532,8.130572390126545,3.1669247537862546,5.340789199754048,5.497469230887804,7.520991862853022,26.998040800977126,9.562715044694858,4.335476086026137,0.0,14.529439079092116,17.390127562403237,2.0093962591573997,6.82297189054546,17.892722576755645,12.103865063708279,5.814942625809709,18.962813058432307,14.645176489398427,8.786801069953578,7.5000112026726695,6.661567371290672,14.091224713848572,7.8182502396630875,6.690628860425777,6.232741960444329,2.6099494045318075,16.101183517228222,7.519774545783949,6.878196429633015,4.9652646312420465,7.33589416704246,4.0100939337479895,16.940045335083347,7.946060404833753,7.802312510074808,23.898033197372044,4.489506169243396,3.999785779343539,7.640248690601832,5.241019992420533,1.4861838684707056,4.956303180920701,6.71533084376619,12.757132857841333,3.9994388158170664,15.91484979691237,2.634125945269272,11.126185439120768,3.0003034351836892,8.837376508083238,4.165559263422316,3.01461089821104,13.37335094913135,3.0953529638617954,2.38762801829943,10.053982464791353,10.159356468520684,17.995123811632517,2.658888471954473,27.070611251642895,5.324558448581454,12.125847242511643,5.287184944269304,18.164223760651627,7.338000969104581,7.417138504225139,1.1041402053730174,8.259367156301016,1.947583940378648,17.7205707066398,4.280513508291557,8.606025769598514,3.850408460260983,8.268486018465278,7.5114451035259115,6.705561084566174,5.566063454818649,8.024726541159922,6.076805716312632,4.263258689849771,6.87619093372972
common_street_21564d6eb0c8ca5dcb905f78a4dad840b52a93a19a26f2bc045b7d1066b01069,8.783355098367776,13.409171614709441,18.416003758858377,2.648987545659885,17.84467153726792,13.801451906535384,21.479916772733663,15.640420729183518,7.083744705060536,10.202556550579372,18.7624188010089,12.936703618470908,8.830406538600542,13.5870398990871,21.292755257919247,5.089430853311271,12.826525236262867,14.39170874112222,7.306679032275022,22.42666073975271,15.71515710860278,10.820077077717979,20.02302358763733,7.474090129926516,13.33376588073868,9.691062585759031,18.38039930153555,14.529439079092116,0.0,18.059557270120955,16.423115167208632,20.653960903277632,4.300613879691912,16.528904800835985,9.542202133245338,9.096655513843137,3.78265258474762,7.476767874058281,8.639563001879567,7.928394666763669,18.635685252223652,7.824993722973311,9.415151138712227,8.624894307336978,16.723061510009675,17.99716480242567,8.254309744446019,8.171983702640391,11.878010164447664,8.52307974086076,13.641470080866434,3.3051229149554047,6.657526994446287,7.348171358940141,9.928146813292063,17.879137760135336,15.150170528026953,10.328163086547834,14.992142733246347,15.231469308348055,16.665499527420998,21.213098155624508,18.165559879393548,18.396179352411938,19.18452379269699,17.149289754321135,16.682922903492567,16.96589100603984,8.49733546729807,17.60034391673635,11.592260051162926,16.695584843620704,12.935355734660225,14.576656838811965,6.883930264753425,5.547634425446804,6.7342006476021306,16.301320322199956,12.897022600042728,12.297309961011946,18.126346061269878,13.979666321688176,9.594929456252027,7.368156719194283,20.721247001864693,14.932987428377754,21.60405597770914,15.559465038372815,3.443581548954008,18.48301429426146,6.847943694262646,18.379219238965817,7.877022090843096,7.085198510385717,7.830020377344205,14.051568499305997,8.985409044858685,8.56173916916279,18.759537324476444,21.251649649211906
common_street_a9343febe4c4ecdcc97232d820bd046ed0b891bea497685d6327d20ccd2ae659,12.813395099919486,24.358639904494737,19.859411148690267,16.621195817061658,3.5186115284314656,11.822843143637435,25.402002893112005,15.490856838405072,15.863790512826473,9.904555482119013,7.470218963629246,11.934979440352041,12.777772488603203,13.820667182259196,6.288322116448069,13.622598010639306,17.275554908015895,3.6678486488053883,15.229683108680684,23.371015402863808,20.544883926290396,13.065580439048876,20.280549030244803,14.321322766907308,22.056667190602447,9.86122537689851,17.230612465669857,17.390127562403237,18.059557270120955,0.0,17.53854863574157,23.223127634134215,17.2993208828783,5.649703485126151,13.795183137258075,12.682959587407034,14.587592805543288,12.607288137909835,12.649081450424124,15.490319205973282,4.842255067408895,13.27687567434502,12.756401965948854,14.62455276104722,19.636333033981835,1.6491712783375807,13.090399349921146,14.196712597860833,12.807213042676084,12.984090890151673,13.381018287231191,17.161892408034202,15.487902368966578,14.044467702083931,20.84556775414208,21.643709596885433,13.795717813225227,10.988508907717145,12.456469219179521,18.87318759236614,22.333008708571967,21.422834405677918,6.043306920880436,18.185127100255965,3.1868064620938616,18.780787102746064,6.874463629950356,16.746964840581988,11.46995503570249,16.005787987333896,17.117291042490002,4.24284432058058,19.204252622622462,15.140161831482219,12.197130972884342,13.726216013205221,14.308896019149502,16.214365035112664,23.619354790158432,12.260776192460641,6.784675388605212,12.134981327380764,11.162739611483047,15.035395020188346,24.213774752234354,16.575170091056346,24.90919249576558,16.220757893772834,18.507359869013783,20.741992923409896,13.650193495567851,19.22014702230517,12.673656190124852,15.485622030487267,16.36311822033494,11.8650874879465,11.740273872006734,15.277890376181597,19.861885925532686,22.179714012558208
B0FFGHCMOI,8.688242797195258,29.440847660752272,2.512452620490666,17.68405365150597,14.45780978998904,5.857157049363363,7.878107640060589,2.047692212048039,9.339384068598752,18.812233954685315,11.557708294322437,6.070332359457081,8.664712675412806,4.138969595426935,23.719270334633663,12.652613243895464,3.7775499969204307,15.720829014266153,20.779000413571044,6.662661386550004,3.882082593569612,6.6122707880648965,3.738522246031917,9.23761187884026,28.676161850053145,10.650243476453287,2.3847737676677707,2.0093962591573997,16.423115167208632,17.53854863574157,0.0,5.818705684122049,19.652831252406454,12.027639568184782,7.369284413173189,20.34972743779521,16.31884650698555,10.299953335066878,8.95512569330076,8.506966096357255,13.811824059086156,9.39660310918966,8.095810387382173,7.961815175299757,2.2435501883471334,16.135966261315374,9.055035782858027,8.563061583314267,5.964548452010851,8.842064316273738,4.479915265351592,18.721487327258156,9.79042301759907,9.488200731904998,25.642306621122195,4.181261615785932,3.7429004834439863,8.719788362310192,5.082710543188776,2.3969776790935087,5.471450429138576,5.020654859521161,12.423920454501236,2.0004895260834434,15.733242468777048,1.2530754061268436,10.931255972160745,1.2589463136163788,10.170305909741623,2.5436005079621267,5.008391045828298,13.377295963686894,4.906802752656307,2.6254805540256005,11.544701749726665,11.826230749811922,19.547741359229125,1.402107610440914,28.83608030804062,6.127372420883199,11.73175214096879,5.512594029775344,19.451706063344446,9.137348035827078,6.698350540940621,1.5459030472217667,7.443152962070293,1.369228227838338,19.554095393181626,3.240112817857728,10.255153241994625,2.1248321154298364,9.771540774106729,9.356973816759378,8.630097913944521,5.757223220091732,9.343712808598104,7.892769688022814,2.6872861399356225,5.370109376207656
common_street_089c87e3d8b1270e4acecf3245b6aa0bbd97e1f74b114a3043759743ad06e44c,14.036257020031298,34.015105777766145,3.370550884564163,22.344590739390743,20.016338455621018,11.66913112133181,2.3739387417752598,7.819672191764442,13.824874722839562,24.432300976982038,16.766833403566224,11.880983261617255,14.0225041790179,9.929763865663555,29.45264769044668,17.68009044505058,8.141546626806758,21.53289749675428,25.912127409464535,2.2798730314550606,4.953043737175334,12.145784061798599,3.3447602278126154,14.181244787773773,33.557308061541875,16.3278038561688,6.175356831357487,6.82297189054546,20.653960903277632,23.223127634134215,5.818705684122049,0.0,24.352302592196992,17.628586013775255,12.613462802182017,25.77427755157862,21.271509664714223,15.580266496337462,14.315430200628382,13.142387254038194,19.224009081861315,14.5878915762183,13.513187296514628,12.906791094501829,4.222961100414861,21.7632915519349,14.31211690389794,13.583037519617537,11.655591990379014,14.139571648899173,10.289942880084919,23.36288885698819,14.384542463533133,14.490476207443544,30.3511251786522,2.7842548366162325,9.494643149973209,14.393579752024229,10.808901961025985,5.631528923852297,4.519211213019222,2.9133781869743705,17.814038395832533,5.120299417632144,21.203280163557306,4.575597517923732,16.469295578572577,6.476751692225666,15.660009198243452,7.308429825549537,9.254426985177671,19.011443501323683,7.725547364367827,8.426632785486268,16.85020547719823,16.83517648519807,24.727067606213687,7.040153548187907,33.46255554053009,11.893381852163383,17.08042311788421,11.321594439362961,24.987177773164024,13.885418693402706,1.2858351009609552,7.1373315876857,1.7104547350829606,7.187790240308715,24.002794065392724,2.604365290452056,15.3172899764874,4.007699874042869,15.068297864767734,13.961502890383567,12.959069790212387,11.559089370828943,14.845890605558782,12.636007319852103,3.3692527370525935,2.006178908527998
external_location_27187896,11.24695065164628,9.792153262106003,21.843944493949362,2.0088844062704507,17.93123919095225,16.03367614062955,25.37092358509944,18.55799186613179,10.530359968153522,7.9452855502204764,19.70533677493897,15.22044523760468,11.284311119608386,16.298738148036893,19.304995389431923,7.111441035716474,16.29859600793642,13.764051811973006,3.4334515365026905,25.97378263101952,19.482557131077925,13.431698061544296,23.35876745929276,10.415917958725325,9.244405966063685,10.989659502510827,21.372383495219903,17.892722576755645,4.300613879691912,17.2993208828783,19.652831252406454,24.352302592196992,0.0,17.16078135065871,12.363297563931951,5.90892200362644,3.582706174787486,9.671172729948145,11.0268809711106,11.254937863427614,18.98413387634137,10.384630608394724,11.89932335917079,11.691962532170468,20.27146580352046,17.63182996429421,10.78001309179101,11.096881777876058,14.408887918151962,11.03058174462966,16.25042744930154,1.0278849727870858,9.98588612752539,10.176977855405324,6.008977395705214,21.61573556186889,17.759136740182978,12.247680959201237,17.31781876613804,18.78809900635059,20.588977154821315,24.60220232244134,18.82902547144337,21.552886461115396,19.08284689762125,20.523595937342648,17.615117578492093,20.005374376971176,10.3293295008725,20.444180854407076,15.12002088691456,16.969819066442973,16.724093640663945,17.506272862287823,8.629081362002951,7.889204143177481,3.451947138512162,19.30169774367721,9.183488171187168,14.677088290960437,18.96411019665244,16.28087557342605,6.942633089486962,10.555463029629072,24.53844052281269,18.11503963705122,25.427554005420845,18.62392614894731,1.5360051679094484,22.038263502240586,9.45233158825462,21.709346696304102,10.178439816116136,10.415886857586608,11.394442540865231,16.285074384566034,11.038659639743317,11.818002828809298,22.154946550952307,24.74849051370547
common_street_9faf0e12679ba4dd26a8054ad94237ee81a5055b0d6eb10e846639c1ccaf03c4,9.112077097467315,25.779105452974658,14.277943141157072,15.893648902273702,2.4460226672858165,6.559353825224672,19.845499729054822,9.988878370385969,12.303206473958694,11.566434189917791,2.7459104459062966,6.887836494875743,9.065165999663781,8.587664659919307,11.936453158201214,11.493904695129883,12.27131552752626,5.305243865590588,16.13833389457689,17.723463948198447,15.268555938416828,8.57455267609049,14.640028950622005,10.824014235286217,23.932207062015845,6.913899026603127,11.590246333036257,12.103865063708279,16.528904800835985,5.649703485126151,12.027639568184782,17.628586013775255,17.16078135065871,0.0,9.647406429257472,14.194635716194481,13.795417159410237,9.577895041364524,9.050544469941585,11.697593308269703,2.3047605732633736,9.865638701645327,8.810922211483211,10.689276312579077,14.187172906432236,4.135773065171446,9.544341084352657,10.46762434488906,8.01101228233602,9.351099826759473,8.135425244305896,16.698978407585766,12.102818631432147,10.64799663393261,21.96133725847275,16.18396773934302,8.307256111276333,7.08913873325445,6.967975335422614,13.562281942570444,17.055025491685704,15.774514522854272,1.6697258136584618,12.559832528127798,3.8375497282024194,13.252851065147595,1.2450321146595382,11.164816066508841,8.376209115772122,10.372879589524212,12.356460405791745,1.4080984682968274,14.281988353264447,9.764140021539305,9.7376511276337,11.249265680989954,14.962435903521229,10.669376455331395,25.052764287475405,7.377383997496,1.9158951810124079,6.826427376316758,12.737517197376528,11.468600342225617,18.65368574010352,11.197543974747934,19.324588033737413,10.751618821940282,18.009852043128905,15.188457652265464,10.560470795795048,13.620956906938977,9.418360111807932,11.96025054547294,12.549253202817635,6.544958224251317,8.261827870094248,11.307017555724455,14.260619441957557,16.53810185720262
external_location_2553809,1.4502764085768671,22.152329969688736,9.713461475502504,10.434173634794181,11.818250647405979,4.545894591260186,14.128498299082835,6.203060534608418,3.000677135509239,11.962555893074269,10.951919512277424,3.6950265851202526,1.4465507038953451,4.046128067419004,19.244987097769837,5.295456448811847,4.589096804680497,10.833946620303294,13.420820252907829,13.918364019297352,8.238260899562482,1.3868334181241775,11.106865176984792,2.06838452091186,21.311918734001175,4.343125289822678,9.01094756451664,5.814942625809709,9.542202133245338,13.795183137258075,7.369284413173189,12.613462802182017,12.363297563931951,9.647406429257472,0.0,13.16153113446059,8.962153074366908,2.971864696285204,1.7307189231568323,2.194242890856078,11.945493414955772,2.0275052865653778,1.1091300038983403,1.1480198972938043,8.391219192677456,12.890977528764335,1.7053020178475382,1.3751050090692518,2.4400914497498465,1.5267412419817727,4.1084280652695915,11.469218310027967,3.105620050984743,2.2216045603536383,18.319608653641342,10.102343902643296,5.609976071700832,2.807877731043955,5.581995383393141,7.019440518119941,9.823272124246257,12.382115360326626,10.939750556620115,9.21157272502122,13.31011048429089,8.36055695750125,9.182959730956348,7.643223120470496,3.180200338816381,8.121918629731582,3.8135559112940767,10.513448426873312,5.993884528468127,5.146079293310353,4.239741479282693,4.482787497869375,12.199510919621147,6.938402070125624,21.530709215547684,2.997287132252407,10.582316525884185,4.636626533410397,12.418529465542793,2.329334095399237,13.099661136168761,5.823704825576315,13.968994851672894,6.269646276237031,12.406418843427819,10.094946439895192,2.9123213528392027,9.475341023682192,2.455328777092361,2.7702594437203456,2.9689775465803736,4.775860516596652,2.453267208196681,1.6853797160438164,9.979022584397466,12.646160375043204
common_street_a4e59f575aa782e72b898450cfa8ebd58133d035a74401dd58191ef02e5fdb2a,11.740829751812322,11.765228608575342,22.794042436966045,6.536033736250687,14.22103334392247,15.418350846806314,27.23925344949202,18.784393218697527,12.62262967889412,2.795068592324148,16.932148566512964,14.781014854286573,11.756212931951415,16.39370442316852,13.621119392530256,8.43220571531389,17.703658304673354,9.601942100444868,2.782507669704929,26.99748859478188,21.284617952282833,13.738076727435878,24.05259148972512,11.77709403379312,9.742679437487212,9.930273475693301,21.534337196379376,18.962813058432307,9.096655513843137,12.682959587407034,20.34972743779521,25.77427755157862,5.90892200362644,14.194635716194481,13.16153113446059,0.0,5.694991383428208,10.20187282720071,11.462847246130945,13.026939396206215,15.512762028916514,11.21541865117983,12.286196446553227,12.98264461119529,21.551455444232985,13.420353589370897,11.467853738187936,12.287656468203421,14.450007048451631,11.634998976789046,16.187966529895828,6.375772353726152,12.00460834283443,11.433779763011586,8.16329078568222,23.239862505763387,17.547669225807226,11.758789713231863,16.706951653348284,20.174283322426877,22.722290172665303,25.34797541380779,15.761267317412877,21.99968283348142,15.074293808573893,21.43981798618512,14.998554941627132,20.336731881728806,10.179563162893425,20.409330488252554,16.73875110248159,13.56851816538132,18.74590325275787,17.840867200893705,8.93244292621146,9.233580801859397,2.4890038031711774,19.61363572869591,11.02687687031474,14.453130669579032,16.10955785728095,15.7412748724068,1.5313230467646433,12.24533322217477,26.241364544872116,18.83585963680613,27.116781535863353,19.097610769063046,7.434041246891124,23.24096653337854,10.593955021307792,22.473860987518083,10.708249549802755,12.350142152441117,13.534477031318385,15.64306914626618,11.00605676697056,13.382705579504,23.024400499050053,25.710227989915168
common_street_708031afc95096b9e0f95579e79e2245144336e57518e32c8345c77cba6bd91b,7.760226301457809,13.2538002375408,18.595198187018926,2.109242380318438,14.777729511860016,12.465613730683602,22.467165400654387,15.111855560448777,7.534277988787311,6.440903835650417,16.264936682368166,11.660887011093472,7.794434267367604,12.81115745533364,17.52806088158234,3.667319947161569,13.140357611634167,10.94058160837245,4.741607677182923,22.771644369452737,16.50925254650045,9.94772001071444,20.049733629240194,7.125096219277577,12.359785061227017,7.426045674751402,17.93292288637779,14.645176489398427,3.78265258474762,14.587592805543288,16.31884650698555,21.271509664714223,3.582706174787486,13.795417159410237,8.962153074366908,5.694991383428208,0.0,6.156597461086673,7.525971518377558,8.139144410748399,15.730307323285302,6.946264187579804,8.405907236106934,8.413170062795833,17.112798042858234,14.695269218520778,7.320518800898891,7.772140233648463,10.89534042565093,7.559992177607129,12.73902291267025,2.929513047043632,6.938459493834589,6.8457714327726364,9.383254890073644,18.590456259096953,14.238624469583861,8.66944327236006,13.755275350165112,15.651739210832824,17.768205726689075,21.313815739062807,15.464190935291338,18.17316215191912,16.02315750168511,17.255294686109824,14.166791962181657,16.59047797242392,6.754539224483659,16.965109177627767,12.022565119591698,13.730868353337813,13.814463048049003,14.072274923673248,5.063942315014525,4.494053482271031,3.7158478049262187,15.877774819391197,12.610202712150167,11.133661616103428,15.548245538185565,12.719071372080275,5.930375271775466,7.386846573208236,21.563284538895775,14.773482349571058,22.452172682223907,15.22867170285006,4.215905177250989,18.86813801717621,6.0637352970402745,18.408279605909463,6.675508689876499,7.344382980017163,8.444769555766587,12.716370723206193,7.479094615248155,8.636461719014664,18.885452021938903,21.521348975336874
B001B0JG9I,1.6214661512921238,19.40935676440863,12.676017659278266,7.8358612761195845,11.350272484303087,6.43175188277233,17.050418405381087,8.975378955059973,3.364715440829456,9.144847736786451,11.511168197306723,5.590457621130334,1.6508469386127564,6.655995785148664,17.465933298752667,2.584267155459648,7.506448391984096,9.232371121752413,10.48064104184835,16.883095533670094,11.11657483145917,3.797759251257475,14.037317918837177,1.9206075284214625,18.43899686062666,2.7998433126888385,11.796106162754903,8.786801069953578,7.476767874058281,12.607288137909835,10.299953335066878,15.580266496337462,9.671172729948145,9.577895041364524,2.971864696285204,10.20187282720071,6.156597461086673,0.0,1.372873721065598,3.277341216437969,11.835484603687577,1.0444859186168494,2.2545950327896627,2.8753318411959317,11.359480004461979,12.022772336074306,1.268270097144915,2.192264176235803,4.741233039702894,1.459316615975569,6.584670248150674,8.848434280973398,2.908134069506187,1.5735962812641704,15.538600771002818,13.04049004715826,8.089374818419,2.8561349045042945,7.68697484148636,9.972612173667763,12.626473985136599,15.320187668961625,11.118352345637652,12.087927350971295,12.81310730127062,11.321535190918016,9.49383244142778,10.476042135094497,1.2095730880211497,10.81038199263494,6.593253279294698,10.0787508858295,8.6919272864683,7.9488651815883165,1.2701505545204217,1.9368820023666937,9.247892092253666,9.75737946274944,18.766727103333526,5.0157713337690435,10.955660428982807,6.6522233878646775,9.512793309694313,2.6118949256304593,16.041509104924096,8.759133857861537,16.915658072952873,9.140209377478126,9.914633407058936,13.066768420230229,1.0453378884959401,12.41694827381373,0.5294087993032855,2.985095884204265,4.061680864051589,6.68445222445824,1.5092181699396179,3.399699911129108,12.93368528826937,15.607372438995796
external_location_147354,0.28100704881102323,20.77654870880904,11.354805464191099,9.168480459296429,11.023460094701104,5.168686842147441,15.856662105330035,7.603053624139746,3.2883440244228623,10.232321539519509,10.739153164371725,4.3099001436385675,0.2934436272595315,5.28519851555948,17.84984720200136,3.9202324432745614,6.319702243809334,9.480824859178872,11.837248913506324,15.562868504218061,9.968169580870605,2.424901022035173,12.68924254156208,1.7749867509131134,19.81022709441756,2.8665431477838004,10.42354101264098,7.5000112026726695,8.639563001879567,12.649081450424124,8.95512569330076,14.315430200628382,11.0268809711106,9.050544469941585,1.7307189231568323,11.462847246130945,7.525971518377558,1.372873721065598,0.0,2.841521148843577,11.347973470106002,0.8723961808905998,0.8817233131330482,2.057612100364028,10.09267764512979,11.896286158113833,0.49489627714252576,1.5486548931484772,3.3827143992962854,0.3355824662169953,5.2235484734763995,10.18838340843966,3.052355509962199,1.6119073296083406,16.908947492859138,11.827343900774117,6.733548913361805,1.9802374917449344,6.391461943399744,8.739212714744284,11.542291477489613,13.975510297008688,10.499133436185668,10.724102033482582,12.510511082788632,9.999375392803053,8.802056489743427,9.106876077119544,1.481451536447474,9.439326469317415,5.515130755791228,9.724575800215133,7.676655166771443,6.578914730421406,2.590194912242897,3.1974073602516717,10.598052667146856,8.387337483677838,20.13600603288574,3.6995408330140127,10.253698067152706,5.364345812342472,10.693446137090227,2.445559164052812,14.822439827696838,7.419222365009107,15.689364480962308,7.777736819922418,11.22452845748662,11.77840203238501,1.8026829590448994,11.076262797607527,0.8505776666358699,2.9286934310090227,3.7140651125062396,5.420093443681953,0.9129587210522435,2.6959415567728056,11.602900788773018,14.282392896202854
B0FFI89KVW,2.6852960595240853,21.00493391578214,10.600878220851655,9.257873489197536,13.776294079898067,6.700998018775363,14.34719836064285,7.760938389655104,0.8925914393246845,12.283767835808268,13.120601803914626,5.865476833636692,2.724181525155611,5.903120594066277,20.632113967352925,4.636377763094799,5.044267238682682,12.296670626126597,12.82699806453855,14.71888169298238,8.379199302325883,3.5573571328415468,12.154433389168686,1.3632129957942385,20.422445655943797,5.681998343995175,10.462302950588752,6.661567371290672,7.928394666763669,15.490319205973282,8.506966096357255,13.142387254038194,11.254937863427614,11.697593308269703,2.194242890856078,13.026939396206215,8.139144410748399,3.277341216437969,2.841521148843577,0.0,14.002235426441779,2.3249734407046136,2.88719039932827,1.0498325547558338,9.020083268403246,14.716824810172081,2.4172185088503744,1.2937579691533767,4.569870601380118,2.506300074593214,6.061840893728833,10.289500772612191,1.2855540742891836,1.7219637920851283,17.263914173748823,10.451322856327824,7.496163335970245,4.647981842656136,7.657827558416162,7.541978951000381,9.716134373103417,13.37635419482268,13.052111558705283,10.470855543440223,15.268281560529688,9.295514519503394,11.30794582269236,9.043359819432514,4.1503759847815,9.733737909512698,3.888006824164763,12.471590708637663,5.736542238428656,6.7046209929058715,4.362779700928884,3.8065007498438295,11.68254524471916,8.388819292657207,20.421179930011814,5.166186753902492,12.725545308637704,6.761828793022675,12.523952412334385,0.781817149648835,13.426620090588978,7.006181490949153,14.315013866175482,7.636739497606251,11.060879282463862,10.78560443633431,2.5056226906937358,10.504341991853702,2.982615981608309,0.8510095071205445,0.8749771602808759,6.9222081354445315,3.7524707823847874,0.6530542538605885,10.922480848651585,13.495712633576748
common_street_b5c273fb17b0cf8d6bd952528adaf68088abc9be3b59407ebbe7401759dd7170,11.413618598299447,27.23773885412987,15.925464885950843,17.838981684468237,1.4534826190214385,8.646724134847075,21.504154533660028,11.811188213787219,14.606124576439512,12.775464025070722,2.6931250271165306,9.063779946756805,11.366941754958846,10.652217893529885,10.930368935261251,13.652949719746992,14.396308506857348,6.0365770994769745,17.670952015323202,19.10099998536787,17.235778803264072,10.849474806346228,16.097203334451457,13.12239690584696,25.233601210621778,9.124048490012665,13.077809266841651,14.091224713848572,18.635685252223652,4.842255067408895,13.811824059086156,19.224009081861315,18.98413387634137,2.3047605732633736,11.945493414955772,15.512762028916514,15.730307323285302,11.835484603687577,11.347973470106002,14.002235426441779,0.0,12.15644350793158,11.115653118523614,12.992722695901845,16.022221508362666,3.199261705205693,11.8410925743903,12.771786660059398,10.240260573250682,11.650916889460857,10.200644216379537,18.59372812367717,14.399480068530618,12.941028801245007,23.48933934448819,17.992790773311825,10.17522830512837,9.391235941770457,8.866295920427167,15.519426565583647,19.009809336964448,17.152570669544797,1.4112853900761433,14.106712177837975,2.012976755786876,15.00082555657598,2.978946268566722,12.84349930861353,10.628604738236154,11.915595734722535,14.555288056701858,2.015380533095983,16.42148173515173,11.715364138089678,11.924869931036774,13.456608673714307,16.551439071596697,12.421421387138464,26.503543699063112,9.594114485935675,2.1618191675089706,8.880692409988345,14.005353600711155,13.770619136429946,20.312165059805068,13.128386655699687,20.93281271802719,12.601694435290261,19.92415894021472,16.880199967595775,12.831093378876606,15.234646681327254,11.695623240902833,14.26183316442375,14.853269289607697,8.5985718714576,10.5482971678666,13.608711362466265,15.863522474367205,17.97494428105717
B0FFL1HKTR,0.9621380579887259,20.16341618503067,11.733935262121257,8.484917789889048,11.786006621491978,5.9781586206440505,16.026399273892086,8.177086276906174,2.587095553953697,10.189259101462639,11.601085333620347,5.112146604014014,1.0107401059830956,5.924673328313552,18.316442964737643,3.2856719741155667,6.48847314709099,10.006609018276356,11.396669352955803,15.935987546692736,10.083896582838177,3.0670393348083747,13.13433912072418,1.0450282075986481,19.288210964397464,3.418880140755417,10.995539503520881,7.8182502396630875,7.824993722973311,13.27687567434502,9.39660310918966,14.5878915762183,10.384630608394724,9.865638701645327,2.0275052865653778,11.21541865117983,6.946264187579804,1.0444859186168494,0.8723961808905998,2.3249734407046136,12.15644350793158,0.0,1.5918370802087602,1.8318377178683405,10.372065488163507,12.590975402533406,0.4294244744792708,1.1555446673508374,4.09209419585222,0.6981681416144956,5.908888481412129,9.514299173552267,2.2623199545578303,0.7903939035717683,16.31717876281927,12.024975980874423,7.426503625065105,2.832328829950922,7.171811429618951,8.968767315341296,11.584184191997753,14.409449613970631,11.336433346436355,11.229031991338388,13.267443856219225,10.38252746904535,9.650821721798144,9.645024822714444,1.8390307509707042,10.061134752210533,5.55359370650793,10.49335532238203,7.647455422846043,7.130866484548432,2.290973860942035,2.497334509460298,10.179863041464866,8.9338893301635,19.534679945928907,4.475006238287692,11.105569018349946,6.15529487133619,10.550825995053836,1.7621018400857018,15.026579341522044,7.851127320557647,15.90324195527886,8.283114116859819,10.505262440729412,12.09261952048377,0.9810318148715194,11.502563271960868,0.6587886129832398,2.2100718574542784,3.1590075750893765,6.2276672970242135,1.6142175645114754,2.374287780155263,12.003551908032152,14.66691306933702
external_location_157084,0.6544947768366167,21.654796013839245,10.512502340914642,10.029586374391089,10.9023262467415,4.393618939723803,15.104743251043278,6.721720720934809,3.529753205516265,10.965865453635235,10.311612197353927,3.5255239783736725,0.615253878807183,4.405672953378477,18.14922097526915,4.7889024517739465,5.6010610521563295,9.741877639923032,12.710688507963992,14.719313987930722,9.26139210666509,1.5432298498578807,11.825944501505653,2.1873873091433014,20.69111546700494,3.234339158062597,9.542006974211446,6.690628860425777,9.415151138712227,12.756401965948854,8.095810387382173,13.513187296514628,11.89932335917079,8.810922211483211,1.1091300038983403,12.286196446553227,8.405907236106934,2.2545950327896627,0.8817233131330482,2.88719039932827,11.115653118523614,1.5918370802087602,0.0,1.903120832074958,9.293912327105506,11.900576854465838,1.1639984499150955,1.6830131247846671,2.5189908023648058,0.8964057234964427,4.353694115515574,11.052770221061998,3.44136687674203,2.158155062010742,17.789117196139955,11.066642753197982,5.867436824615493,1.7880747406136852,5.579974583183075,7.969917425493102,10.878778954802272,13.114439345039381,10.181799084159506,9.84920052677069,12.395111268159805,9.157346995402593,8.448277980148267,8.227979352339947,2.1582337069942503,8.55922809168528,4.89924495649156,9.59669999737958,7.086561369937744,5.699615337059048,3.460084866005032,4.0451405162973995,11.468406492131047,7.507795882901878,21.01550377554908,2.883228408134852,9.879686189400866,4.564515504084593,11.475374263337605,2.723375650651252,14.053251841800178,6.565214801593629,14.914079427659583,6.904509394397393,12.072553673312319,10.960840337652161,2.572520146009442,10.219129237044612,1.7308175081240371,3.21513802919683,3.745452231776185,4.641918139421492,1.37774780140724,2.54727579509607,10.7531206367042,13.435804723774732
external_location_6181832,1.84173552184698,21.479032505605907,10.184955138273903,9.722896436252347,12.803540081320627,5.679842153459558,14.263493104675058,7.018266717905508,1.860923379329307,12.019642062604671,12.074376697207885,4.835514635857004,1.8701863901707858,5.015063768598917,19.90298610728054,4.779525022580464,4.7676296514221255,11.522704465325157,13.007494725516844,14.358677518192481,8.30234713713292,2.524501316068172,11.66939953633686,1.2882610964935965,20.765638388886764,4.91833394633875,9.78147487966117,6.232741960444329,8.624894307336978,14.62455276104722,7.961815175299757,12.906791094501829,11.691962532170468,10.689276312579077,1.1480198972938043,12.98264461119529,8.413170062795833,2.8753318411959317,2.057612100364028,1.0498325547558338,12.992722695901845,1.8318377178683405,1.903120832074958,0.0,8.716424126164803,13.796867183866402,1.742511817332155,0.6962116974315138,3.5576554336094035,1.7340808071855056,5.132733461581042,10.760477209216566,2.0343878966410647,1.583734755698337,17.686946433357942,10.28961217538465,6.603338215696273,3.6891725177840566,6.677217411921034,7.275267239943962,9.768592792708178,12.920424484123894,12.02288208793308,9.879853863773564,14.296431401954985,8.849982684157313,10.274110165317252,8.380209998684021,3.49816593137879,8.975494237617731,3.7562585553037753,11.497765423159164,5.819970932515298,5.953925059994645,4.099845368839983,3.9358886159170776,11.820635975055813,7.698938194574323,20.87544964088896,4.1365501785034615,11.686394149640494,5.755950590453966,12.362663661706538,1.2708177338069113,13.288292358598131,6.4275535981854155,14.170375624669534,6.979858334215188,11.621766367402223,10.463463572174986,2.4139270895469234,10.021387267961364,2.454693261145716,1.660842998274796,1.8632838739214495,5.905798662337028,2.9561724591842524,0.653419149538857,10.48168116382591,13.108805268264524
B0G3HH5BBZ,9.813407690398805,29.995506615151562,1.877503871920434,18.270004791455488,16.62679021200824,7.844873192814363,5.9489720730282025,4.212596651563169,9.751710291051182,20.230141440462624,13.796811433293406,7.912406313209736,9.799820031177285,5.94209134527144,25.76571297334644,13.495782997700303,3.977877488068499,17.644038392289467,21.72247003420444,5.712470625579796,1.9621083260280072,7.949269715362204,3.5999195303015163,9.998586374650628,29.437316600616487,12.162016793966378,4.074380580558784,2.6099494045318075,16.723061510009675,19.636333033981835,2.2435501883471334,4.222961100414861,20.27146580352046,14.187172906432236,8.391219192677456,21.551455444232985,17.112798042858234,11.359480004461979,10.09267764512979,9.020083268403246,16.022221508362666,10.372065488163507,9.293912327105506,8.716424126164803,0.0,18.271043018784976,10.091216445890206,9.38459914631178,7.527841449042849,9.917025833712694,6.346416659137686,19.29765011220137,10.285646322051157,10.299033238738064,26.279848376452296,2.007847002123185,5.880225639750055,10.234263373941953,7.2194651958817655,1.4922014093200884,3.2948640253459165,4.602293198861873,14.641327339634593,3.164003497579407,17.92668621468259,1.3138674883308596,13.118042380482702,3.4108739702320636,11.444239177806324,4.650304762885277,5.158636340475176,15.516561883796316,4.07966782801917,4.5131602278651055,12.629144626463104,12.651705323287413,20.527978767984855,3.643949179390058,29.423766470206196,7.830984392967959,13.957058670734034,7.517524001579774,20.769212357069694,9.742194733473578,4.824129604395616,3.102722178073722,5.6552177406022714,3.4357404000300655,20.005494061953453,1.7677110656302437,11.119444236035463,2.245221290619198,10.846352315482433,9.855720479751865,8.922994823600538,7.780589395426509,10.633304763771296,8.482678313473883,2.2857156875425435,4.5313442761088965
common_street_0744480c6b4bbe2bfdb0a029802377e786bfd6508982b27b34a97523e547a99e,12.032529257755789,25.17495652566373,18.409975396002864,16.77640561788674,1.8782079938103038,10.521684630581634,23.972734773767982,14.091320047813605,15.166661224333989,10.625773290027324,5.821854079476758,10.714814976399014,11.992906904595603,12.54266804874282,7.873815650338196,13.322883507752572,16.10282275166538,3.8944001546605156,15.834367592816944,21.841211084367693,19.266592941745266,12.043432879685135,18.768285726781023,13.625062795017095,22.982103778984115,9.227129686528109,15.719524380032576,16.101183517228222,17.99716480242567,1.6491712783375807,16.135966261315374,21.7632915519349,17.63182996429421,4.135773065171446,12.890977528764335,13.420353589370897,14.695269218520778,12.022772336074306,11.896286158113833,14.716824810172081,3.199261705205693,12.590975402533406,11.900576854465838,13.796867183866402,18.271043018784976,0.0,12.360903050428599,13.427816042655238,11.68180635332571,12.22665823369693,12.095809579917356,17.399863216252147,14.840703461570852,13.37492530447594,21.559992469426007,20.27425817359571,12.400973162219476,10.113160499922442,11.05869339029389,17.576049522286546,21.056574094001334,19.89061102949873,4.39918606068307,16.694749248688556,1.7461277061464247,17.36858679575176,5.3273602453394435,15.29611385082499,10.841404741309447,14.506338256200621,16.034619645099866,2.758913990931823,18.070096835366183,13.804590229117693,11.771068221563983,13.32582610380201,14.828324807308364,14.78938053401861,24.435565643336723,11.100402366872327,5.14540354147581,10.817645490226242,11.889030555508823,14.326978138660149,22.781621092150573,15.242096414489028,23.457995482913187,14.840513554268059,18.749649597417445,19.313601565596464,13.066690862071015,17.75583831509901,12.023602264497061,14.79523346493414,15.591564802283203,10.541504209219353,11.005357275702663,14.446048928930361,18.395790752311083,20.664961151068095
B001B1D77X,0.5346549626662724,20.551995568986346,11.416043932653277,8.891015944386805,11.507611939136066,5.5487512348583,15.793289900657987,7.792495659893196,2.8101744791833476,10.351967477616748,11.228621703919954,4.682731363955779,0.5840720145313298,5.520774832649525,18.22668428541586,3.671755780298952,6.247421131983213,9.880102430368396,11.725236818411574,15.62198040419212,9.870522244405713,2.656842957460092,12.793537196941909,1.2845130929559894,19.647703731766555,3.2647829199510623,10.61303007584673,7.519774545783949,8.254309744446019,13.090399349921146,9.055035782858027,14.31211690389794,10.78001309179101,9.544341084352657,1.7053020178475382,11.467853738187936,7.320518800898891,1.268270097144915,0.49489627714252576,2.4172185088503744,11.8410925743903,0.4294244744792708,1.1639984499150955,1.742511817332155,10.091216445890206,12.360903050428599,0.0,1.1448516555674966,3.671631080187046,0.2687715923168291,5.494714220136855,9.918238599202857,2.558522969537234,1.1191233082330623,16.698815012341868,11.77832524766185,7.011668454359335,2.474565541416634,6.743603498956291,8.7065208533601,11.404657009578655,14.072993118035747,10.993963492508854,10.867355157610541,12.993441520727625,10.062345343978226,9.295859629575842,9.272052782075022,1.7648624243207403,9.66431414349122,5.366732300381431,10.210047835182175,7.496334498723951,6.751821025281976,2.5380917844097164,2.901213823655642,10.499400011785513,8.557921652077066,19.919660120298825,4.0466333094214955,10.746830860629766,5.726279223665618,10.758140484642844,1.9680170466430948,14.778707253509907,7.511434867921839,15.651670280440436,7.919448693287023,10.920586599975122,11.799338326690556,1.408734876681408,11.167600422537587,0.7644261225160114,2.4455828367159005,3.2815051363743626,5.798243762080405,1.3561141924216025,2.348386708040892,11.677976970746764,14.348299645918948
common_street_aa13e5dd10d1634a79f58916b7f9674c5e70e481592995a97998ee4fb081fb2f,1.3956120928296236,20.88866349805389,10.824380330147283,9.143446684079185,12.509872677305374,5.8549336014952456,14.956207136919424,7.522805561404684,1.8474244807592801,11.332032529418877,11.992910663285201,4.990868621225961,1.4363258737501146,5.415232160279235,19.370845152217452,4.121030920346173,5.4490097957663215,11.018166233978535,12.338337650331235,15.008526210296989,8.996993009395478,2.720146403372392,12.28482925378873,0.7015401974403777,20.130925155411493,4.400966677369351,10.312941232027597,6.878196429633015,8.171983702640391,14.196712597860833,8.563061583314267,13.583037519617537,11.096881777876058,10.46762434488906,1.3751050090692518,12.287656468203421,7.772140233648463,2.192264176235803,1.5486548931484772,1.2937579691533767,12.771786660059398,1.1555446673508374,1.6830131247846671,0.6962116974315138,9.38459914631178,13.427816042655238,1.1448516555674966,0.0,3.7876800030695428,1.213164144335632,5.483531307445255,10.180808864591162,1.7974581920651156,0.9267613371921073,17.07977423898323,10.97707740773352,6.983996911108174,3.388469583999169,6.935926051518331,7.952144099259186,10.464168630557968,13.544068009242496,11.858640529515856,10.456531068830397,14.000592883816438,9.483204015445763,10.129169215933869,8.925839756374831,2.9056248541204335,9.460806624783503,4.4518086411522475,11.206648016204614,6.512396535294453,6.459977581963799,3.4057642193965014,3.2815335036913127,11.144842349232231,8.232481684655818,20.277737431262242,4.3029495381330705,11.562334733247598,5.970312011483957,11.667483772551545,1.0478638398665505,13.976814561292413,7.021486045836024,14.857989523813213,7.534684224719781,11.08080341296245,11.125659988330113,1.7349277182622713,10.640238667287221,1.7987936845804648,1.5354553819884926,2.167860421332348,6.0923299497046335,2.4607956159011883,1.222949307655067,11.113329000164438,13.75273272745491
external_location_51410973,3.1734110028851434,24.14910415832765,8.463609146035328,12.54778858941266,10.356575137792966,2.1342306239826616,13.470615092555512,4.342784620107411,5.417705046412436,12.847786524722883,8.890451991764413,1.3316167544124298,3.1331031732929446,1.9582654581833103,18.654431102677464,7.302704853408252,4.485055309414799,10.324419217326538,15.088754901226357,12.623716306345747,7.953251028492357,1.068568000825608,9.616624919220254,4.453401271756308,23.123981380450203,4.688549680924199,7.134246995162532,4.9652646312420465,11.878010164447664,12.807213042676084,5.964548452010851,11.655591990379014,14.408887918151962,8.01101228233602,2.4400914497498465,14.450007048451631,10.89534042565093,4.741233039702894,3.3827143992962854,4.569870601380118,10.240260573250682,4.09209419585222,2.5189908023648058,3.5576554336094035,7.527841449042849,11.68180635332571,3.671631080187046,3.7876800030695428,0.0,3.4085113658584207,1.8436985734247953,13.569738496808968,5.545565065045852,4.535677742305334,20.27355687536305,9.453790411552072,3.3508420906542673,2.7556065378709818,3.1482797179009148,6.410402871164521,9.704351155827517,10.913371220572541,9.090294174342697,7.549789121799814,11.81885361113202,7.1327246448101445,7.325785154162313,5.889604802067496,4.321987056394012,6.092217862274816,4.363812655672067,9.084939874305222,6.398677202298068,3.395076694115253,5.875968494061752,6.5640227380366065,13.831840649821736,5.165654308609027,23.503759666347893,0.6650177872438746,8.631818165638363,2.1987839259067297,13.503583806912902,4.769388975617544,12.351720809275816,4.523513935835346,13.174237872137837,4.663339433675863,14.59046584466235,9.054525920562815,5.070178956977702,8.071503085748972,4.230448787056737,5.206233089750355,5.2465354729171985,2.352392121704898,3.5082516070302208,3.976983914768279,8.651423661670776,11.330080215508703
B0HATAZALP,0.2715794893318826,20.7980377304184,11.217467628902597,9.147755238006564,11.342058101470496,5.280087535425138,15.647425377379378,7.55196284081615,2.969083781246576,10.46595725327836,11.000205751782351,4.413978720580619,0.3222068961538612,5.268257345609878,18.18030730918864,3.9198711195700597,6.10284431486444,9.814457480918552,11.937188930465995,15.42486407797477,9.739860826661875,2.4018375288595246,12.579933732655178,1.475580822471585,19.876727189073925,3.1988566021932456,10.37319361303581,7.33589416704246,8.52307974086076,12.984090890151673,8.842064316273738,14.139571648899173,11.03058174462966,9.351099826759473,1.5267412419817727,11.634998976789046,7.559992177607129,1.459316615975569,0.3355824662169953,2.506300074593214,11.650916889460857,0.6981681416144956,0.8964057234964427,1.7340808071855056,9.917025833712694,12.22665823369693,0.2687715923168291,1.213164144335632,3.4085113658584207,0.0,5.2353636557842025,10.1736809031337,2.758638409433914,1.3516550346897862,16.94100778212364,11.625244473740123,6.751637321094071,2.266593273891813,6.475323382987121,8.545252598082763,11.294600981891358,13.861905165554536,10.785905023337175,10.640822909099661,12.83020615984314,9.862794678780466,9.079906233088845,9.038642740064635,1.7755330541568801,9.415470271671746,5.259653439053092,10.041866061840949,7.408140122255852,6.515330803271833,2.719513652880373,3.1588196167449594,10.706460885214781,8.322773144466705,20.16362895496413,3.7783007123765078,10.527850943790533,5.457609385990768,10.898710088129402,2.1272799885960545,14.623761060319012,7.300493603192242,15.494142057116225,7.692557989143761,11.182234717381304,11.616407675299547,1.6771485027880413,10.958142677531612,0.9341109338818312,2.6144799373855703,3.3792298559403786,5.529531670878843,1.2484101664784866,2.367027180040199,11.474391518127153,14.148502428133545
external_location_10936626,5.007778332966547,25.992796945483892,6.986028133410916,14.382178376642795,10.572090675524471,1.5785520419450538,12.263539899804577,2.629535580644158,6.9466962558885905,14.469176675294603,8.42595439768848,1.5911362025167906,4.96890229920706,0.4526283384460003,19.444410933191975,9.141920074761758,4.225859874465891,11.300943244521271,16.90666577494955,11.052870895742375,7.171923315990444,2.8433079599352986,7.978571528442428,6.173860806451823,24.955861140807922,6.309887570705461,5.348215470131777,4.0100939337479895,13.641470080866434,13.381018287231191,4.479915265351592,10.289942880084919,16.25042744930154,8.135425244305896,4.1084280652695915,16.187966529895828,12.73902291267025,6.584670248150674,5.2235484734763995,6.061840893728833,10.200644216379537,5.908888481412129,4.353694115515574,5.132733461581042,6.346416659137686,12.095809579917356,5.494714220136855,5.483531307445255,1.8436985734247953,5.2353636557842025,0.0,15.406291239943117,7.165742384524725,6.295776394195562,22.116718676339868,8.343825755493997,1.517812787755456,4.429756906768795,1.741792843237383,5.49217526453031,8.961858122733462,9.27070234158159,8.915589553374152,5.855601652568526,11.96525071733293,5.714467735344024,7.221746200237123,4.183141326597038,6.131124656205022,4.264971482484594,4.622279062663005,9.37735145326716,6.25848499927376,1.8645384461432633,7.714194492238441,8.394161915468162,15.646154685164065,3.4717708091171247,25.34718832991678,1.7370875395497432,8.340040449834387,1.3199772956557643,15.186906390960916,6.394776615996536,11.105375662732646,3.2440404029447745,11.885384832727816,3.115070373730072,16.414111201811394,7.69382206209219,6.8804476158788574,6.510147800859617,6.072482543284018,6.789809571927129,6.608267190398427,1.6020901112238137,5.329238557776717,5.422705604466053,7.121690394827407,9.761924545841103
common_street_cbe949dea4de81c5d246e87ebb75efab8c794b8d9f1573cf8e4443d64ef89435,10.398537770733855,10.722381893789953,20.88750738939885,1.0376823657303738,17.59501153755698,15.252107978017102,24.360800376344468,17.67138611982187,9.548778513433632,8.127656584436862,19.188968465663297,14.4262517774135,10.437696977455234,15.438255055434077,19.49918644822737,6.269007125694826,15.329281646793424,13.569782676910272,4.156275848113963,25.00441687609055,18.482525167350808,12.57483352660906,22.41672174190091,9.492990420508978,10.260437518288944,10.3404733171389,20.47953099786294,16.940045335083347,3.3051229149554047,17.161892408034202,18.721487327258156,23.36288885698819,1.0278849727870858,16.698978407585766,11.469218310027967,6.375772353726152,2.929513047043632,8.848434280973398,10.18838340843966,10.289500772612191,18.59372812367717,9.514299173552267,11.052770221061998,10.760477209216566,19.29765011220137,17.399863216252147,9.918238599202857,10.180808864591162,13.569738496808968,10.1736809031337,15.406291239943117,0.0,9.014195040547955,9.267127866108817,6.988305172417739,20.620397527159895,16.919955800490833,11.49747269943924,16.525146704993624,17.811728571612306,19.574373212595138,23.653650679557867,18.36862648011674,20.635036864248637,18.795695326568243,19.573071527949857,17.09169951009154,19.102865501466674,9.574607995316233,19.57321551581479,14.141967258333045,16.58582361987635,15.719817671516582,16.615294804914722,7.863413694189161,7.017707943790465,3.8882482120481017,18.403867640987148,10.131872835286496,13.86402439515333,18.466915215604267,15.488413826647683,7.235603968751074,9.6028636033456,23.53561589800917,17.187911107920417,24.42436826228968,17.715038704158562,1.349857911950788,21.065130301430415,8.56625232752847,20.76637650279615,9.344952314244487,9.446150893554533,10.403898272985394,15.504372071815261,10.254274923802756,10.8632432447382,21.203294633081843,23.78509919725595
external_location_27646348,3.0099410281840107,19.725165797011368,11.882286929115867,7.984846368097973,14.047743747497158,7.638470266965077,15.52890450256236,8.998232521143708,0.6180302419979169,11.459866458075204,13.738376561934956,6.778217214909821,3.0590536723682726,7.048134639667064,20.356973915381364,3.572545026003493,6.315086749840257,12.140086235670227,11.6568656854392,15.990363196351238,9.575307671192059,4.486371995230541,13.43976911225734,1.2834594647488964,19.17283264359957,5.63233371415508,11.723596047254755,7.946060404833753,6.657526994446287,15.487902368966578,9.79042301759907,14.384542463533133,9.98588612752539,12.102818631432147,3.105620050984743,12.00460834283443,6.938459493834589,2.908134069506187,3.052355509962199,1.2855540742891836,14.399480068530618,2.2623199545578303,3.44136687674203,2.0343878966410647,10.285646322051157,14.840703461570852,2.558522969537234,1.7974581920651156,5.545565065045852,2.758638409433914,7.165742384524725,9.014195040547955,0.0,1.4721033815561577,15.994212968218397,11.673500470957192,8.637382595532623,5.0248444598516375,8.68604860414416,8.802559801800617,10.842225185446559,14.660234254040036,13.544521692681238,11.7504975363446,15.529667245266264,10.579752583762394,11.835754758466344,10.30837481347142,4.018660049560309,10.966147350057382,5.136600416155525,12.754077803077635,6.878190012740815,7.9370027856847605,3.7151865648199194,2.7934077922510263,10.54034272562649,9.645767890017202,19.144513059014603,6.085989868195495,13.2808380192832,7.740430006328595,11.601568514922679,0.7765017482875628,14.633697262188562,8.285248833416322,15.523208703106326,8.90193823596585,9.775474723222985,12.052632919861129,1.9030250104231734,11.789760119128958,2.820125066918769,0.43468056882365685,1.5338399801700429,7.872731261228495,3.8747579635258966,1.9050192329136493,12.205898687314994,14.7721825654023
external_location_2553778,1.6194778703340043,19.96912648421348,11.75000999921935,8.230357689332447,12.57637859335895,6.526548608833192,15.830764898919657,8.416798500376151,1.827679592044107,10.584246664493014,12.347157754939921,5.6566497618082465,1.6702923175405209,6.2593553196644605,19.017631781490163,3.1989123308398817,6.35069691011023,10.741294057329347,11.42403369924481,15.932010061071585,9.863373190081314,3.47338349504907,13.211257078639644,0.3609480841953742,19.204269436744056,4.183253404456156,11.216321900512078,7.802312510074808,7.348171358940141,14.044467702083931,9.488200731904998,14.490476207443544,10.176977855405324,10.64799663393261,2.2216045603536383,11.433779763011586,6.8457714327726364,1.5735962812641704,1.6119073296083406,1.7219637920851283,12.941028801245007,0.7903939035717683,2.158155062010742,1.583734755698337,10.299033238738064,13.37492530447594,1.1191233082330623,0.9267613371921073,4.535677742305334,1.3516550346897862,6.295776394195562,9.267127866108817,1.4721033815561577,0.0,16.15583514137656,11.86768588258831,7.8080761714058715,3.591901782554171,7.669246672666523,8.85896433806745,11.291691715816254,14.470823043287952,12.108506981481792,11.376048183377748,14.057819006510648,10.409529508932899,10.413912885216183,9.835801269943357,2.580571560118873,10.342612207265475,5.316084884065992,11.283531366114863,7.321154911012404,7.3564411285955424,2.6486146769846144,2.357265417861702,10.23723771699818,9.1382675031923,19.35601179640167,4.9903482884817265,11.865542677052419,6.674653717451757,10.863895191047794,1.0401162156866488,14.864643421978451,7.945808464375642,15.747865675331472,8.448846299360472,10.186735519446728,12.043904532703378,0.8402969559118258,11.56689879240949,1.3736472968875448,1.4465516709928448,2.4881023702614313,6.771456594125532,2.4040889400383034,1.9546358373783084,12.03983208791106,14.677660952617618
external_location_56558407,17.14331850234697,3.90768847463317,27.85039727956511,8.010686255737289,22.25941621576318,21.772633939162336,31.324412933918378,24.4912897329731,16.535086673851357,10.95171200681296,24.64403817375741,20.992178044904044,17.17765658024995,22.194120394247957,21.164913794037368,13.031510212609836,22.307517572190175,17.705930603133933,5.826573868959824,31.98275660671127,25.46552480217332,19.330956923828843,29.356339968828525,16.4058400715269,3.483356264464047,16.48349894283514,27.311481359236097,23.898033197372044,9.928146813292063,20.84556775414208,25.642306621122195,30.3511251786522,6.008977395705214,21.96133725847275,18.319608653641342,8.16329078568222,9.383254890073644,15.538600771002818,16.908947492859138,17.263914173748823,23.48933934448819,16.31717876281927,17.789117196139955,17.686946433357942,26.279848376452296,21.559992469426007,16.698815012341868,17.07977423898323,20.27355687536305,16.94100778212364,22.116718676339868,6.988305172417739,15.994212968218397,16.15583514137656,0.0,27.606807479788188,23.61073851676617,17.951488781831028,23.073891398994594,24.795729037104476,26.525410456467178,30.604207884645987,23.589960546298073,27.526634081981356,23.188697573711288,26.527394652907155,22.612539287001084,25.960286708939172,16.06757227812029,26.348245173753266,21.12685492621107,21.501342461997726,22.698273257702436,23.447911350348566,14.414056999740167,13.836848065393115,7.008435165670802,25.250761907277877,3.234276909642625,20.4909066555847,23.849860302583725,22.042339550759696,9.688621994298197,16.562382225510955,30.514414886895317,24.10125617794166,31.40249444193971,24.588854505564196,6.4847753069175536,28.046821248352927,15.408464608228297,27.708012741917063,16.05858438853879,16.42457196206268,17.392193753505104,22.020453488706856,16.825466240964467,17.82525522159523,28.159118021166705,30.756908532959162
common_street_90d0cb67f591c117a35ca22ab97c0df13b7bf77690ca2826daa2719f815479de,11.546378994483193,31.25242409666312,2.6163426895479036,19.606970109749955,18.620951849013196,9.850981017130444,4.0425270357864305,6.198123653833404,11.101906582694124,22.031841015145233,15.722640279093477,9.900591179251336,11.53750081622437,7.93303458703141,27.77208920576676,15.036156428379524,5.5365614233949545,19.633499283492622,23.263442603393756,4.811669622168456,2.169136028585435,9.79681466086791,3.9191493669907174,11.546063386164429,30.836145818146328,14.035468594805998,5.57813206615084,4.489506169243396,17.879137760135336,21.643709596885433,4.181261615785932,2.7842548366162325,21.61573556186889,16.18396773934302,10.102343902643296,23.239862505763387,18.590456259096953,13.04049004715826,11.827343900774117,10.451322856327824,17.992790773311825,12.024975980874423,11.066642753197982,10.28961217538465,2.007847002123185,20.27425817359571,11.77832524766185,10.97707740773352,9.453790411552072,11.625244473740123,8.343825755493997,20.620397527159895,11.673500470957192,11.86768588258831,27.606807479788188,0.0,7.877304181056739,12.121011417131879,9.218472697838582,3.0991332845596946,2.147508237054309,4.413300038605663,16.605126240122267,4.519990010198364,19.90963944291319,3.0339906063038256,15.103932116484621,5.239144230970788,13.22487269708187,6.39193200947808,6.573311206273599,17.51859980636709,4.945322945686689,6.51902172330078,14.308482131562004,14.192205068088413,22.096124396316014,5.5771309785822725,30.705492422182395,9.790972332601154,15.911364846878417,9.524712670756223,22.52039482726243,11.20781964387804,3.0016109745010544,5.1006344398326355,3.8809121250448513,5.434281876873789,21.238483334276182,1.668107930917257,12.70295789090229,3.322957397647395,12.54137432974618,11.25606774596731,10.222951988534724,9.78824804889053,12.428672650314907,9.973538560704858,2.9446369138301747,3.9280007655377247
external_location_2553792,6.521856114470897,27.49169659840491,6.126893900296125,15.89697752148341,10.746626022388787,2.266656232891841,11.615139297140411,1.69528989910442,8.386941880895826,15.725115461962442,8.09278517723475,2.7696685713412412,6.482349678781043,1.5931508066667497,19.982235471539962,10.653508795725292,4.809300529139283,12.063032706185618,18.354406848836664,9.999839097863406,7.0844576377368895,4.361108457223818,6.873418769579349,7.678077776475031,26.422100027679097,7.623908121117594,4.036411976732945,3.999785779343539,15.150170528026953,13.795717813225227,3.7429004834439863,9.494643149973209,17.759136740182978,8.307256111276333,5.609976071700832,17.547669225807226,14.238624469583861,8.089374818419,6.733548913361805,7.496163335970245,10.17522830512837,7.426503625065105,5.867436824615493,6.603338215696273,5.880225639750055,12.400973162219476,7.011668454359335,6.983996911108174,3.3508420906542673,6.751637321094071,1.517812787755456,16.919955800490833,8.637382595532623,7.8080761714058715,23.61073851676617,7.877304181056739,0.0,5.81045421002417,1.342288167722025,5.368051000320445,8.844915697740651,8.140961194840306,8.813734228558376,4.7079184813611725,12.055797173022578,4.987949240806785,7.2458870338472305,3.082679658717941,7.585930345560511,2.8643475487989023,5.516071383617123,9.643581251118597,6.7686686635064435,1.632549861484121,9.199302276113059,9.910176282895527,17.08999280417479,2.4567036178796213,26.84271285894783,3.1422164930249594,8.15880373642164,1.912548532175508,16.496415356083762,7.871780262314227,10.431028440171856,2.9712030584731925,11.153698159314514,2.444491424019828,17.931616897312647,6.961222435494754,8.398253886719143,5.550417916549769,7.580863938306585,8.250809356509993,7.9853581151583155,2.1090839721627885,6.798432034152767,6.848406582092459,6.188020559237724,8.726689388624917
common_street_5d8d0d4cf302cfa9d82148eca74accf18438c712d10e33f79c0419a7f4802bc6,2.0231714834283543,21.852940640838735,11.218924421727417,10.515109810269966,9.128312340018567,3.82267618515295,16.15609416401781,7.038856439976507,5.215226574499482,10.093436502805764,8.770563985409549,3.0745574463865153,1.9760719267997318,4.653523513015364,16.482626367721824,5.338571144516428,6.866632377801269,8.069159254460532,12.569773292439796,15.377074815194074,10.48535820168198,2.365763801461269,12.355425161988405,3.742137656816486,20.66204249456816,1.935362157027698,9.775617625931561,7.640248690601832,10.328163086547834,10.988508907717145,8.719788362310192,14.393579752024229,12.247680959201237,7.08913873325445,2.807877731043955,11.758789713231863,8.66944327236006,2.8561349045042945,1.9802374917449344,4.647981842656136,9.391235941770457,2.832328829950922,1.7880747406136852,3.6891725177840566,10.234263373941953,10.113160499922442,2.474565541416634,3.388469583999169,2.7556065378709818,2.266593273891813,4.429756906768795,11.49747269943924,5.0248444598516375,3.591901782554171,17.951488781831028,12.121011417131879,5.81045421002417,0.0,5.127528822428834,9.039210074279904,12.182230000821779,13.651894257300569,8.520551537075038,10.26434188425646,10.620348733902103,9.885866474210113,6.822096611680302,8.594701096376937,1.9228815462967066,8.661621716400894,6.377235577284165,7.823668184909404,8.559512532258008,6.135854535627286,3.6352390792256677,4.780927447765705,11.301616690648547,7.874747407052454,21.18499343241435,2.694351732829551,8.274786822771878,4.1032055235468015,10.768446005864215,4.379494613644516,15.054922492670515,7.272479707482768,15.889078990852559,7.410190979422717,12.634729589756764,11.796643991714793,3.6617224167094085,10.823489869820152,2.517913910272444,4.871147045878516,5.515915794132,4.069465596504128,1.3491547248056275,4.335208389705403,11.406309296104546,14.083270864226114
common_street_93cd6f18a228bbe7c1b0fe1fc80bb978720eaf67efa7db141209956562a0f136,6.221138044978225,26.972528244095564,7.438433849408008,15.519183191751672,9.409290353507116,1.3077149091528488,12.949205889750544,3.0352941119696477,8.526797477789748,14.757911915263177,6.874361526331586,2.0989048478850423,6.175905296955521,2.1055692111781394,18.652431168777397,10.27088809368352,5.815284539951017,10.794902213939691,17.67978898444769,11.225104084661922,8.370933280075105,4.216463699187276,8.089634011771924,7.599588902132452,25.781431113691436,6.793645032660535,5.143427139858782,5.241019992420533,14.992142733246347,12.456469219179521,5.082710543188776,10.808901961025985,17.31781876613804,6.967975335422614,5.581995383393141,16.706951653348284,13.755275350165112,7.68697484148636,6.391461943399744,7.657827558416162,8.866295920427167,7.171811429618951,5.579974583183075,6.677217411921034,7.2194651958817655,11.05869339029389,6.743603498956291,6.935926051518331,3.1482797179009148,6.475323382987121,1.741792843237383,16.525146704993624,8.68604860414416,7.669246672666523,23.073891398994594,9.218472697838582,1.342288167722025,5.127528822428834,0.0,6.65395302359908,10.143516159147746,9.33367462045926,7.5195500288921355,5.92534093818771,10.72901088659793,6.324563180013326,5.920915559331011,4.35500005802904,7.009765677615465,3.9075208110642214,6.330670532082153,8.301400158726775,7.830435831124603,2.855159258578848,8.691756499840709,9.58507400600433,16.409774273684008,3.7707785589565,26.30794749811721,2.697052534148536,6.885037971348865,1.0370581487001176,15.589281574272194,7.909557711912218,11.763270254069715,4.262215277308993,12.477003350860128,3.7844721032125404,17.600924403722466,8.29179964352386,8.152333329472638,6.838798294970653,7.210376593558292,8.335653734719507,8.262074358449574,1.068957646958432,6.279175464444391,7.036148006897598,7.479889982225236,9.966113515367956
common_street_0d4aa5968f27454e5d14a7a600c82958d6a687fa823566e49bc01b1b4a847539,8.458471250448152,28.50594876984642,3.2671311418856983,16.78525707209222,16.007916484656945,7.05706258674692,7.141264950005908,3.8660854632514314,8.263970159476393,18.933899140603994,13.452486929348693,6.98199896333682,8.44829944672248,5.053935400042502,24.912930687494686,12.049776905421647,2.5122729049403514,16.679622342337787,20.281300014066794,7.203849678914924,1.7174111765891613,6.703526189893923,4.971742703988293,8.550754269247046,27.96371875462014,10.94595170737398,4.713819507693201,1.4861838684707056,15.231469308348055,18.87318759236614,2.3969776790935087,5.631528923852297,18.78809900635059,13.562281942570444,7.019440518119941,20.174283322426877,15.651739210832824,9.972612173667763,8.739212714744284,7.541978951000381,15.519426565583647,8.968767315341296,7.969917425493102,7.275267239943962,1.4922014093200884,17.576049522286546,8.7065208533601,7.952144099259186,6.410402871164521,8.545252598082763,5.49217526453031,17.811728571612306,8.802559801800617,8.85896433806745,24.795729037104476,3.0991332845596946,5.368051000320445,9.039210074279904,6.65395302359908,0.0,3.4941888733573827,6.051384846716256,14.17182046837069,4.044403160392583,17.36281642088489,2.2325670072020465,12.564244780687067,3.643521906596326,10.127958863041153,4.922505106787727,3.670110311974712,14.843034143669932,2.733855077902955,3.806160603488573,11.242475571645713,11.204941268769423,19.09560156326581,3.576209453237616,27.93584701473007,6.795999272170434,13.525302532362643,6.758628534065701,19.432200934569323,8.271825214817236,6.084453989518775,2.397104242504781,6.950209226127759,3.061864067822935,18.514001647155595,3.257857367996314,9.686056036222706,3.445908912033647,9.467257648785916,8.373878945840428,7.431533842496315,7.035752514587117,9.330051918506875,7.01596480592604,3.652541123848737,6.0210570638951895
common_street_28054cc08ba62e58fa624726bc936c8316e13408d8d0f8bdefb21395f56bf768,11.265210407662149,30.074542187797807,4.6080233127116035,18.587047144113882,19.500327246914953,10.53491984477188,4.817350122360262,7.277417834948505,10.237735156795715,21.756513376050133,16.906066923455132,10.408226687519829,11.265800484173814,8.517221154788235,28.323815664526215,14.351798732381955,5.317293042663942,20.0278500640416,22.497375820231245,6.740337216466451,1.789998958183546,9.81656817920312,6.048579077208443,10.945799405046428,29.83334760083306,14.024297118754188,7.335048850490906,4.956303180920701,16.665499527420998,22.333008708571967,5.471450429138576,4.519211213019222,20.588977154821315,17.055025491685704,9.823272124246257,22.722290172665303,17.768205726689075,12.626473985136599,11.542291477489613,9.716134373103417,19.009809336964448,11.584184191997753,10.878778954802272,9.768592792708178,3.2948640253459165,21.056574094001334,11.404657009578655,10.464168630557968,9.704351155827517,11.294600981891358,8.961858122733462,19.574373212595138,10.842225185446559,11.291691715816254,26.525410456467178,2.147508237054309,8.844915697740651,12.182230000821779,10.143516159147746,3.4941888733573827,0.0,6.549018056741237,17.657057803024824,6.35310125377605,20.856996945693627,4.593993124880501,16.057594841342496,6.687763891939553,13.003449043913994,7.941507092818859,6.037924911601673,18.32958469087796,3.979989793697421,7.299875267090764,13.86738017580787,13.522263664693094,21.38015859860242,6.838258564607857,29.558146949548444,10.157463914525032,17.002914698488766,10.24339578174435,22.13105199962574,10.49647433510982,4.171492099297818,5.881549562370909,5.019272406131976,6.468339403439272,20.081450204334676,3.766526476736694,12.130299288959499,5.2442872830578455,12.163863917154712,10.453245075311592,9.324094391722872,10.521996461381967,12.255778637842125,9.33992294958235,4.980378806251475,6.001237338982575
common_street_79bf550e95c4d84f3be25f13f515ae52f727c85baf640e1826172c202290f8b2,13.708883442384408,34.37522148025252,2.8009001488909115,22.618322456605185,18.078084372571322,10.407122938538182,5.168925375923315,6.642109072353314,14.165127643955126,23.7328886578318,14.582616270177923,10.813047606235418,13.685261010306498,9.002756879755575,27.704710658723716,17.65173214761842,8.386589342604225,20.108892327427952,25.798038435399828,1.9514487464206658,6.203523702264781,11.620249466063523,1.2967634626838163,14.205613964613077,33.6735989076582,15.564273959686659,4.226979778356442,6.71533084376619,21.213098155624508,21.422834405677918,5.020654859521161,2.9133781869743705,24.60220232244134,15.774514522854272,12.382115360326626,25.34797541380779,21.313815739062807,15.320187668961625,13.975510297008688,13.37635419482268,17.152570669544797,14.409449613970631,13.114439345039381,12.920424484123894,4.602293198861873,19.89061102949873,14.072993118035747,13.544068009242496,10.913371220572541,13.861905165554536,9.27070234158159,23.653650679557867,14.660234254040036,14.470823043287952,30.604207884645987,4.413300038605663,8.140961194840306,13.651894257300569,9.33367462045926,6.051384846716256,6.549018056741237,0.0,15.745194755557497,3.4356815427816234,19.159830115551134,4.0812444868270115,14.56361243895725,5.09708198961848,15.173554723211193,5.475424957228065,9.623792811593711,17.180117016202434,8.674576811837431,7.518849211216087,16.56526096786418,16.819853602328333,24.568074406946682,5.7994877187214415,33.78276092161806,10.992262465122838,14.990865223873637,10.052598539520085,24.416200277603803,14.050795035495174,4.189763637368838,6.561710782797818,4.3781470848456125,6.2523966483843605,24.432606584799302,3.0019601749945584,15.252571041199651,2.907164722406763,14.791934472704543,14.225734300653283,13.383723990363244,10.246311189762736,14.34694572469811,12.790915951442114,2.4555565641907493,0.9617426701817219
common_street_4479a58a7b3caebe288aea4aa35d490d70fadcf37333ca8aba133776ca88182f,10.5365856393797,27.39378651344054,14.51927590350372,17.561464184574792,2.5249997895881418,7.384760500926245,20.097007909242816,10.43404739903938,13.704790333230772,13.09181526457398,1.4509627790448518,7.86427789887159,10.48810786347771,9.364528482330826,12.238429172398245,13.113406736553292,13.132040128039161,6.583854607752724,17.764126974314298,17.69426690641821,15.889173053937782,9.773445606322598,14.68643968361069,12.261216632928583,25.50391129569731,8.513989785288112,11.6665349934972,12.757132857841333,18.165559879393548,6.043306920880436,12.423920454501236,17.814038395832533,18.82902547144337,1.6697258136584618,10.939750556620115,15.761267317412877,15.464190935291338,11.118352345637652,10.499133436185668,13.052111558705283,1.4112853900761433,11.336433346436355,10.181799084159506,12.02288208793308,14.641327339634593,4.39918606068307,10.993963492508854,11.858640529515856,9.090294174342697,10.785905023337175,8.915589553374152,18.36862648011674,13.544521692681238,12.108506981481792,23.589960546298073,16.605126240122267,8.813734228558376,8.520551537075038,7.5195500288921355,14.17182046837069,17.657057803024824,15.745194755557497,0.0,12.696175678572086,3.4148077194823045,13.605944921253421,1.768014802929965,11.442207598945169,9.92815429802697,10.505624815674961,13.351969453402935,2.322235329374311,15.162839730662093,10.374141005886202,11.34442871350152,12.83833276541497,16.598998757256474,11.0301948283065,26.66525393465947,8.432924871732455,0.7637177639512504,7.597987787237154,14.285509521724926,12.880722921609024,18.905282799650546,11.776708163783885,19.52307964005306,11.229113221798402,19.67894889671194,15.477328869071629,12.076838896996872,13.826538314886836,10.92556205092044,13.374380697361062,13.885697980680458,7.317687467766836,9.752137607088281,12.619638092819057,14.454618803007481,16.565069605872655
common_street_0820342c3e14d14e0145727b7317d7bbcf512541e4ad22054a93be8324db95df,10.466848035416481,31.344949819698062,1.9685298408844236,19.597393062109397,14.924770780633889,6.973000426651826,7.435503233369759,3.2279778421021446,11.314201294852749,20.324775198310153,11.650325055641737,7.383136216614089,10.439077039295412,5.611555435277242,24.445324659626216,14.506969881113193,5.771775051301098,16.718462802707748,22.55987247751905,5.300558566906581,5.118534047182052,8.324770509602871,2.1671470427616697,11.14205699853982,30.51487733675565,12.162776255461125,1.0930224815480127,3.9994388158170664,18.396179352411938,18.185127100255965,2.0004895260834434,5.120299417632144,21.552886461115396,12.559832528127798,9.21157272502122,21.99968283348142,18.17316215191912,12.087927350971295,10.724102033482582,10.470855543440223,14.106712177837975,11.229031991338388,9.84920052677069,9.879853863773564,3.164003497579407,16.694749248688556,10.867355157610541,10.456531068830397,7.549789121799814,10.640822909099661,5.855601652568526,20.635036864248637,11.7504975363446,11.376048183377748,27.526634081981356,4.519990010198364,4.7079184813611725,10.26434188425646,5.92534093818771,4.044403160392583,6.35310125377605,3.4356815427816234,12.696175678572086,0.0,16.090594447965284,1.8881992482369814,11.381109242931045,1.672467070812007,11.85106348731117,2.194664109205307,7.007250033457357,13.954025449906535,6.735920203102298,4.166606591377612,13.309107300527902,13.69175980578645,21.31600697283431,2.3896013724899237,30.731438773229858,7.586670910772935,11.960827364414813,6.6183307895103844,21.03245071814834,11.08028439195624,6.252675494805092,3.4652962406346877,6.830579214807276,2.948264959007617,21.49556161331291,2.9974467228944253,12.119278077463816,1.2274322480371815,11.55863687806298,11.318589624710624,10.620468131148142,6.815525876934011,11.027296209100822,9.84745045878845,1.7947999261512066,4.042873472890448
B0FFIEOB0A,12.61271296681813,26.838347304996656,17.8904288211756,18.1229341079114,1.492930949284289,10.391810317846984,23.470665473155197,13.71471581423091,15.79852428566317,12.284602381559404,4.683198652786349,10.721653279937714,12.569182335402528,12.417808964635459,8.998304823706373,14.35787542045302,16.10872321266259,5.482774905503999,17.428964310605753,21.109034194039218,19.074413263834835,12.322008021365967,18.096206599045566,14.275938981207446,24.68160367205289,10.024024251084084,15.069923383728316,15.91484979691237,19.18452379269699,3.1868064620938616,15.733242468777048,21.203280163557306,19.08284689762125,3.8375497282024194,13.31011048429089,15.074293808573893,16.02315750168511,12.81310730127062,12.510511082788632,15.268281560529688,2.012976755786876,13.267443856219225,12.395111268159805,14.296431401954985,17.92668621468259,1.7461277061464247,12.993441520727625,14.000592883816438,11.81885361113202,12.83020615984314,11.96525071733293,18.795695326568243,15.529667245266264,14.057819006510648,23.188697573711288,19.90963944291319,12.055797173022578,10.620348733902103,10.72901088659793,17.36281642088489,20.856996945693627,19.159830115551134,3.4148077194823045,16.090594447965284,0.0,16.936283462966582,4.809938904860745,14.79634797608557,11.607780500371023,13.897045352317445,16.17592209305758,2.79877817496307,18.117951469428505,13.557672184774912,12.716039556481624,14.272990450594328,16.38791066883669,14.351599426645269,26.099527161641056,11.195184463563983,4.1722354593574655,10.651752359899023,13.544299346646786,14.955898165661388,22.27801207362823,14.98397397057612,22.91049179946431,14.495244941059575,20.142581603062236,18.8346537801198,13.842844663945934,17.20666095171142,12.74686313154833,15.438456390224067,16.13577776529307,10.369584970470743,11.655660058441237,14.932547600273717,17.83851875072583,19.977354850175477
B0FFFDCKXA,9.726668445058861,30.294299431233345,1.3554459071549938,18.538019444029548,15.676963982810612,7.109236665640619,6.62796798763265,3.293495179355194,10.088960428390296,19.96706878178123,12.696793346971635,7.305569595843903,9.70663587461673,5.35866491809633,24.968593738742282,13.599722546121399,4.331701913091795,16.972089352613104,21.77915613258089,5.563503984094509,3.2413029962459103,7.712904503465461,2.8753707258298093,10.137121622222573,29.613154710276802,11.820533330590427,2.7607802482600348,2.634125945269272,17.149289754321135,18.780787102746064,1.2530754061268436,4.575597517923732,20.523595937342648,13.252851065147595,8.36055695750125,21.43981798618512,17.255294686109824,11.321535190918016,9.999375392803053,9.295514519503394,15.00082555657598,10.38252746904535,9.157346995402593,8.849982684157313,1.3138674883308596,17.36858679575176,10.062345343978226,9.483204015445763,7.1327246448101445,9.862794678780466,5.714467735344024,19.573071527949857,10.579752583762394,10.409529508932899,26.527394652907155,3.0339906063038256,4.987949240806785,9.885866474210113,6.324563180013326,2.2325670072020465,4.593993124880501,4.0812444868270115,13.605944921253421,1.8881992482369814,16.936283462966582,0.0,12.142506441105345,2.205221660767616,11.266732297011469,3.3880328552542798,5.578852625581659,14.609675871176796,4.964833424455198,3.851844792720324,12.5796887840939,12.763638296512738,20.560058467605256,2.586153798605036,29.70294326987571,7.333888301645607,12.90319463188894,6.765239194888151,20.57761164698038,9.970391832746751,5.446418639700611,2.618251656470165,6.190775616581165,2.616950096312905,20.353484657924987,1.9878180817146478,11.201735395091475,1.2517031018106686,10.796596326134049,10.145182331773807,9.319926916159751,7.010290589789617,10.442440998365612,8.7099945158966,1.6319718586012977,4.285984297580725
external_location_27646463,8.825840701553489,26.462982579012223,13.131487880879494,16.24128152521807,3.547162782570566,5.669173955486609,18.707927532058733,8.906996768001893,11.976561333018955,12.442672032726344,2.0994396803976048,6.112105313348184,8.776702122901352,7.673395865293726,13.162766786614226,11.601740066465775,11.419908771179667,6.435083980417215,16.809589363905005,16.51403395158609,14.278571657072927,8.00644567115534,13.443005963281681,10.552615422178107,24.707294635892712,6.992335350521268,10.395500179633018,11.126185439120768,16.682922903492567,6.874463629950356,10.931255972160745,16.469295578572577,17.615117578492093,1.2450321146595382,9.182959730956348,14.998554941627132,14.166791962181657,9.49383244142778,8.802056489743427,11.30794582269236,2.978946268566722,9.650821721798144,8.448277980148267,10.274110165317252,13.118042380482702,5.3273602453394435,9.295859629575842,10.129169215933869,7.325785154162313,9.079906233088845,7.221746200237123,17.09169951009154,11.835754758466344,10.413912885216183,22.612539287001084,15.103932116484621,7.2458870338472305,6.822096611680302,5.920915559331011,12.564244780687067,16.057594841342496,14.56361243895725,1.768014802929965,11.381109242931045,4.809938904860745,12.142506441105345,0.0,10.02414443380067,8.32297538815476,9.188917725161852,11.604377635420933,2.6443382672137856,13.446757135017574,8.758094613537668,9.814406117389117,11.270502256455861,15.604210302041489,9.556373487006162,25.742864048720786,6.67008116812468,1.4618312196016299,5.9018177118699136,13.576541946001042,11.158403438531648,17.515202578042445,10.179747672545776,18.170452361731364,9.685610114258937,18.377809838677923,14.05852159237304,10.424708566583591,12.462811131468202,9.269525353339436,11.652133825934884,12.135615381897047,5.619661766073178,8.087353824509748,10.865153543568809,13.100049671875254,15.338784888496246
common_street_b792d781b9bb15d712a023d9c90bfc104bfdd34ab3cdb6befc100f2c8f32d411,8.854933817276958,29.795410102946363,3.114098138142111,18.066158883743114,13.569140078200418,5.334842682921179,8.684024441825112,1.5562512165755356,9.90906025819733,18.65231788740234,10.502824513457577,5.715984544422183,8.825231243656484,3.943980321049115,22.977788952501797,12.929840266650904,4.67670010317346,15.139257577320198,20.93289395159865,6.925054428212086,5.135250150779336,6.693839566826361,3.81269412685103,9.61994443021386,28.91398004864666,10.490678709099575,1.4263168440897123,3.0003034351836892,16.96589100603984,16.746964840581988,1.2589463136163788,6.476751692225666,20.005374376971176,11.164816066508841,7.643223120470496,20.336731881728806,16.59047797242392,10.476042135094497,9.106876077119544,9.043359819432514,12.84349930861353,9.645024822714444,8.227979352339947,8.380209998684021,3.4108739702320636,15.29611385082499,9.272052782075022,8.925839756374831,5.889604802067496,9.038642740064635,4.183141326597038,19.102865501466674,10.30837481347142,9.835801269943357,25.960286708939172,5.239144230970788,3.082679658717941,8.594701096376937,4.35500005802904,3.643521906596326,6.687763891939553,5.09708198961848,11.442207598945169,1.672467070812007,14.79634797608557,2.205221660767616,10.02414443380067,0.0,10.20094156994295,1.2846603569394017,5.8435156219362305,12.541012522992038,6.0463305843332105,2.528558457171386,11.684046952287318,12.124925779967837,19.684576723760966,0.7243709678514719,29.17357468401251,5.914602385070321,10.729969723299309,4.980188402650421,19.36202428364469,9.609927435899873,7.4914383832427065,2.1389293396671523,8.163679637068974,1.4066619617261942,19.99920199461308,4.038319698628856,10.555521727919631,2.48524501579538,9.947647247462987,9.881677262081883,9.274022194810813,5.189612902047552,9.37930283923163,8.404813186002414,3.1272979156688536,5.646903883511615
common_street_cb041f0974b10ab4977927d25942813599e2e6449d0f2047f2e121cfc8ce29aa,1.7487816879361124,19.963901997839724,12.619451977501972,8.593059718079227,10.142748968568455,5.714130855755012,17.262827368555396,8.661050004287492,4.407405433784312,8.807877450549247,10.358959826074242,4.92462587634537,1.7430485987246493,6.280252351779996,16.482133826570095,3.4473557183039802,7.749828257249834,8.16856310358349,10.775630786649836,16.819830671849566,11.407690534566253,3.5585694556984366,13.879465788694658,2.877610922980764,18.836313291151974,1.6163522388324738,11.455928525474015,8.837376508083238,8.49733546729807,11.46995503570249,10.170305909741623,15.660009198243452,10.3293295008725,8.376209115772122,3.180200338816381,10.179563162893425,6.754539224483659,1.2095730880211497,1.481451536447474,4.1503759847815,10.628604738236154,1.8390307509707042,2.1582337069942503,3.49816593137879,11.444239177806324,10.841404741309447,1.7648624243207403,2.9056248541204335,4.321987056394012,1.7755330541568801,6.131124656205022,9.574607995316233,4.018660049560309,2.580571560118873,16.06757227812029,13.22487269708187,7.585930345560511,1.9228815462967066,7.009765677615465,10.127958863041153,13.003449043913994,15.173554723211193,9.92815429802697,11.85106348731117,11.607780500371023,11.266732297011469,8.32297538815476,10.20094156994295,0.0,10.39608842151276,6.98659841409593,8.869687108684507,9.154585785666722,7.684570543282808,1.712964920197623,2.9734215375762014,9.51518554342509,9.476590884249282,19.301847668270433,4.445215214080663,9.783982352512547,5.976090666143083,9.327812074074807,3.59608671193706,16.210849505080013,8.657961615362535,17.07067912165741,8.9290867421808,10.715469336943658,13.097899368890754,2.2360383606650958,12.29466438560326,1.2069254088279067,4.026738311286852,4.995558395573674,5.964131739564415,0.8267265960739787,4.112960716539464,12.845463583045134,15.531560291119625
common_street_2dcc2ec01a50181011a9138edbc3b8162c7b806f23c7152467f8aa676fd878e3,9.206497331574495,30.212368898412723,4.048742321875418,18.541453864551727,12.731308278283892,5.081372673646421,9.603560399014675,1.9748098383323371,10.618062284101281,18.581527887244622,9.481486346803349,5.634005447308914,9.17142282199094,4.154393474657457,22.273929322025488,13.335153805357471,5.738388537366159,14.639183836105259,21.171631488415805,7.401844367224393,6.415959836417465,7.018363597497854,4.281795697567136,10.16215657333109,29.216112941550765,10.488001561540504,1.2496019546121337,4.165559263422316,17.60034391673635,16.005787987333896,2.5436005079621267,7.308429825549537,20.444180854407076,10.372879589524212,8.121918629731582,20.409330488252554,16.965109177627767,10.81038199263494,9.439326469317415,9.733737909512698,11.915595734722535,10.061134752210533,8.55922809168528,8.975494237617731,4.650304762885277,14.506338256200621,9.66431414349122,9.460806624783503,6.092217862274816,9.415470271671746,4.264971482484594,19.57321551581479,10.966147350057382,10.342612207265475,26.348245173753266,6.39193200947808,2.8643475487989023,8.661621716400894,3.9075208110642214,4.922505106787727,7.941507092818859,5.475424957228065,10.505624815674961,2.194664109205307,13.897045352317445,3.3880328552542798,9.188917725161852,1.2846603569394017,10.39608842151276,0.0,6.834300229762264,11.770154812173274,7.251768036169223,3.0298034000239498,11.96736740027667,12.558385172071093,19.911018076321596,1.5264082866344295,29.574629884834263,5.975153461364044,9.773207877116382,4.735277992623153,19.360334201233968,10.23508002837166,8.414910274965054,3.1764391256057447,9.017531794090047,2.31654330193591,20.528266784511874,5.047041364737217,11.00814569825946,3.333993943980614,10.28966084707041,10.55057195077779,10.056152603366174,4.890219591714477,9.592942544049283,9.083387834337522,3.9532621967020876,6.18114001581645
common_street_f4548160ed4c90e4eb5dce1206a76b9f3a4957da1b2dfc0aaadc1a344ae255bb,5.240654596058732,24.836874463631865,6.824700648771067,13.116190906218215,14.718188065452212,6.00931504911464,10.515005981037206,4.965464697106389,4.593861877015382,15.718622817343066,12.993088945783146,5.49308376484383,5.244032490704768,4.226207094360514,22.824718178320847,8.465515820897888,1.249997124837448,14.422806112687399,16.690296171820123,10.870456405900448,4.5478042176669335,4.083604485766772,8.452977428517176,4.985160036593953,24.30676977027739,8.110942091391555,7.247949665599701,3.01461089821104,11.592260051162926,17.117291042490002,5.008391045828298,9.254426985177671,15.12002088691456,12.356460405791745,3.8135559112940767,16.73875110248159,12.022565119591698,6.593253279294698,5.515130755791228,3.888006824164763,14.555288056701858,5.55359370650793,4.89924495649156,3.7562585553037753,5.158636340475176,16.034619645099866,5.366732300381431,4.4518086411522475,4.363812655672067,5.259653439053092,4.622279062663005,14.141967258333045,5.136600416155525,5.316084884065992,21.12685492621107,6.573311206273599,5.516071383617123,6.377235577284165,6.330670532082153,3.670110311974712,6.037924911601673,9.623792811593711,13.351969453402935,7.007250033457357,16.17592209305758,5.578852625581659,11.604377635420933,5.8435156219362305,6.98659841409593,6.834300229762264,0.0,13.448675283051516,2.19147095916728,4.098573587724458,7.842280744061699,7.622471140823715,15.526517392920516,5.3257971432886375,24.265800124886532,4.98085383156964,12.835950489579467,5.85841887117904,16.104418624026042,4.636388090629465,9.560900539804768,3.706495857350073,10.44704171261547,4.525445801754773,14.849889634614717,6.926251327907493,6.155614285622938,6.823107607242439,6.126298935098875,4.71029309288919,3.770020706466489,6.122267241525353,6.264940612965721,3.401190076218487,7.173445282935128,9.670902424410638
common_street_c7ab77338da166993d3b9b95ec89f81b033b0c65e1c35cf15607865f1e277a26,9.821208983766995,25.26635163567537,15.655099021220327,15.840059296804437,1.3058492854975752,7.799423943030982,21.215120981356026,11.33305866816323,13.010932185509269,10.858839479563777,3.719237769240526,8.045118299044422,9.77721527485905,9.826946689995943,10.528649969350166,11.760050467777349,13.444557966882222,4.2634873812828,15.678668812545013,19.128542578299605,16.5402341284165,9.545316318176374,16.0412537958727,11.493928834123391,23.30442922679858,7.3115910189179925,12.99123161529723,13.37335094913135,16.695584843620704,4.24284432058058,13.377295963686894,19.011443501323683,16.969819066442973,1.4080984682968274,10.513448426873312,13.56851816538132,13.730868353337813,10.0787508858295,9.724575800215133,12.471590708637663,2.015380533095983,10.49335532238203,9.59669999737958,11.497765423159164,15.516561883796316,2.758913990931823,10.210047835182175,11.206648016204614,9.084939874305222,10.041866061840949,9.37735145326716,16.58582361987635,12.754077803077635,11.283531366114863,21.501342461997726,17.51859980636709,9.643581251118597,7.823668184909404,8.301400158726775,14.843034143669932,18.32958469087796,17.180117016202434,2.322235329374311,13.954025449906535,2.79877817496307,14.609675871176796,2.6443382672137856,12.541012522992038,8.869687108684507,11.770154812173274,13.448675283051516,0.0,15.434774046548863,11.060573884831612,10.06552071383578,11.613254323828441,14.549305402061343,12.030761440863333,24.533720144117254,8.47704672287901,2.9027546172523526,8.086189123572664,12.073156701607106,12.168779164582855,20.024277930479936,12.49759047596774,20.7040963682282,12.084413311458965,17.918510719024574,16.55559676567781,11.09859577786248,15.004731168046936,9.98783274927274,12.65326845824745,13.338292101681692,7.807823835065683,8.879520557340577,12.133777711565203,15.645360432833128,17.939928220936814
common_street_234973bd2c88453f996a49a7b62624b3965e05925f4fa620a9bdeb24267d555a,7.405898147903791,26.318646492335606,5.944860205500236,14.716095041350682,16.68244178313867,7.7797505816983135,8.663029079531675,5.711049855092155,6.280392017643903,17.83609435733969,14.673071235484853,7.397564192640534,7.41195164071014,5.81647838542988,24.978111077260923,10.372676366599554,2.0326779874063052,16.58666961831162,18.53446559655364,9.605313452850847,2.779824738566705,6.240649242473139,7.665862836380934,6.972481620674748,25.961676174508533,10.30225651945985,7.291250538576008,3.0953529638617954,12.935355734660225,19.204252622622462,4.906802752656307,7.725547364367827,16.724093640663945,14.281988353264447,5.993884528468127,18.74590325275787,13.814463048049003,8.6919272864683,7.676655166771443,5.736542238428656,16.42148173515173,7.647455422846043,7.086561369937744,5.819970932515298,4.07966782801917,18.070096835366183,7.496334498723951,6.512396535294453,6.398677202298068,7.408140122255852,6.25848499927376,15.719817671516582,6.878190012740815,7.321154911012404,22.698273257702436,4.945322945686689,6.7686686635064435,8.559512532258008,7.830435831124603,2.733855077902955,3.979989793697421,8.674576811837431,15.162839730662093,6.735920203102298,18.117951469428505,4.964833424455198,13.446757135017574,6.0463305843332105,9.154585785666722,7.251768036169223,2.19147095916728,15.434774046548863,0.0,5.158579616254989,9.917979263737987,9.542383059993963,17.40796771670974,5.753682441115392,25.778447775237137,6.969847998610367,14.597813917978744,7.568747687919635,18.17609463483729,6.516604010150038,7.816258885455454,4.163930194005473,8.70469987371821,5.032246216875681,16.304788354280305,5.733519822859279,8.15798829902357,6.177013245963788,8.246628734688073,6.482296295559731,5.374072936257487,7.84741955169221,8.447137438818464,5.367005847066672,6.344450798239747,8.518990595506713
B001B18PUB,6.328224654767236,27.291798353180237,5.1372662729653475,15.580142250009668,12.210158357762772,3.331959488322215,10.406873873628411,1.064473660062839,7.590114404388766,16.225758213969918,9.704496356358788,3.4548192489170173,6.298028209001296,1.514060774777444,21.253067556881913,10.416497212256099,3.2466069499248005,13.15510210536098,18.404847434915265,9.249590846716428,5.521005600812276,4.1655842718231195,6.222088713569768,7.159612474586183,26.38765439507054,8.056323096109852,3.8661480914277333,2.38762801829943,14.576656838811965,15.140161831482219,2.6254805540256005,8.426632785486268,17.506272862287823,9.764140021539305,5.146079293310353,17.840867200893705,14.072274923673248,7.9488651815883165,6.578914730421406,6.7046209929058715,11.715364138089678,7.130866484548432,5.699615337059048,5.953925059994645,4.5131602278651055,13.804590229117693,6.751821025281976,6.459977581963799,3.395076694115253,6.515330803271833,1.8645384461432633,16.615294804914722,7.9370027856847605,7.3564411285955424,23.447911350348566,6.51902172330078,1.632549861484121,6.135854535627286,2.855159258578848,3.806160603488573,7.299875267090764,7.518849211216087,10.374141005886202,4.166606591377612,13.557672184774912,3.851844792720324,8.758094613537668,2.528558457171386,7.684570543282808,3.0298034000239498,4.098573587724458,11.060573884831612,5.158579616254989,0.0,9.155560464650192,9.618931870214652,17.15737332734715,1.8085149871494322,26.665225703958082,3.5073218009058365,9.738915150894886,3.0077878291707667,16.897372179753255,7.209151991433464,9.24489393838884,1.4375226931958953,10.02142703567502,1.2777720511320219,17.540056735309822,5.829396455183588,8.054099877233813,4.695269174675678,7.420824534898783,7.520842339883766,7.0479385125003455,3.2752174240008007,6.8606897100161515,6.053877417594576,5.292115169492348,7.9559125314094405
common_street_1741123276d3cbcb954bdd4fde49d71d54d357c4b27fdea28a2dab3d266c070a,2.8567995723060715,18.301630590627376,13.934742936286153,6.880112660746339,11.292751025214518,7.404737270918846,18.315188453149446,10.16797628607178,4.265487789260332,7.9403965693369996,11.885143779449859,6.596946234208085,2.879999994082197,7.8193030213019155,16.7312861363539,1.794643305922095,8.773298702048278,8.683202725681552,9.250811519527272,18.142589354309568,12.374870418435878,4.990447605434753,15.27937201820514,3.009470489628479,17.251413201969907,2.8309848561478494,12.983802570341261,10.053982464791353,6.883930264753425,12.197130972884342,11.544701749726665,16.85020547719823,8.629081362002951,9.7376511276337,4.239741479282693,8.93244292621146,5.063942315014525,1.2701505545204217,2.590194912242897,4.362779700928884,11.924869931036774,2.290973860942035,3.460084866005032,4.099845368839983,12.629144626463104,11.771068221563983,2.5380917844097164,3.4057642193965014,5.875968494061752,2.719513652880373,7.714194492238441,7.863413694189161,3.7151865648199194,2.6486146769846144,14.414056999740167,14.308482131562004,9.199302276113059,3.6352390792256677,8.691756499840709,11.242475571645713,13.86738017580787,16.56526096786418,11.34442871350152,13.309107300527902,12.716039556481624,12.5796887840939,9.814406117389117,11.684046952287318,1.712964920197623,11.96736740027667,7.842280744061699,10.06552071383578,9.917979263737987,9.155560464650192,0.0,1.5584639131557623,8.00872633215595,10.962512574603744,17.647273526734878,6.077486541528424,11.265550811015444,7.655341033435019,8.263857996538459,3.6265818228837117,17.30975091322709,10.007354418877853,18.184511257337803,10.364555436320748,9.003424262146059,14.334338380525537,1.8723528779936405,13.664989804535919,1.7857677181340696,3.906695244493482,5.0683558421923145,7.656042040315109,2.4157646536421824,4.578031789500097,14.187928873338914,16.864727721027414
common_street_7bd28e200b5be457e45c7b8a1d8694d911863ab7dd8c984dcc74318348396606,3.3909688957581423,17.672945796332318,14.105770538210203,5.989816721610783,12.846350932692335,8.346643300111584,18.128721336024167,10.669123378750733,3.408005253811499,8.694438464678665,13.32114641348825,7.496004229919152,3.4321940456481324,8.42054725910768,18.105543878093798,0.8449337637175648,8.693654535947582,10.17902883898428,9.077249061843224,18.289250380139084,12.156861992930507,5.558051076172695,15.555881139986509,2.6542299776284195,16.85379786665289,4.336571355857543,13.484983863489527,10.159356468520684,5.547634425446804,13.726216013205221,11.826230749811922,16.83517648519807,7.889204143177481,11.249265680989954,4.482787497869375,9.233580801859397,4.494053482271031,1.9368820023666937,3.1974073602516717,3.8065007498438295,13.456608673714307,2.497334509460298,4.0451405162973995,3.9358886159170776,12.651705323287413,13.32582610380201,2.901213823655642,3.2815335036913127,6.5640227380366065,3.1588196167449594,8.394161915468162,7.017707943790465,2.7934077922510263,2.357265417861702,13.836848065393115,14.192205068088413,9.910176282895527,4.780927447765705,9.58507400600433,11.204941268769423,13.522263664693094,16.819853602328333,12.83833276541497,13.69175980578645,14.272990450594328,12.763638296512738,11.270502256455861,12.124925779967837,2.9734215375762014,12.558385172071093,7.622471140823715,11.613254323828441,9.542383059993963,9.618931870214652,1.5584639131557623,0.0,7.9042312002477715,11.417694523998444,17.048687675671914,6.896391339189009,12.728514278312739,8.554661738104214,8.808534684618529,3.0257896532977493,17.183219657857524,10.281313902688364,18.068909674471165,10.752094785308516,8.028672175991769,14.399280936972731,1.5726759602892197,13.914227804560285,2.3775361032311992,3.1191336618000034,4.309869986710826,8.599043788130919,3.4412130869842295,4.222039264522289,14.39307263176376,17.034255644320805
common_street_71177723b682bdf8b68687ef10ecba3008e7a615a25b13cc13ec365c59e2db42,10.861421509798998,10.870829949007993,21.912636003188013,4.115714777585356,15.369872345076029,15.102219163837901,26.02706295116727,18.158166519103162,11.149588077639713,4.604345492974484,17.63716656989186,14.376141185220346,10.886420662000043,15.788685153714301,15.896034064382388,7.061041044974104,16.587916943046245,10.935126342517822,1.2706958709790053,26.115797235539038,20.05602053191362,12.99244465099529,23.284642190909793,10.551863414076712,9.382256803737718,9.668171133193638,20.964481086126444,17.995123811632517,6.7342006476021306,14.308896019149502,19.547741359229125,24.727067606213687,3.451947138512162,14.962435903521229,12.199510919621147,2.4890038031711774,3.7158478049262187,9.247892092253666,10.598052667146856,11.68254524471916,16.551439071596697,10.179863041464866,11.468406492131047,11.820635975055813,20.527978767984855,14.828324807308364,10.499400011785513,11.144842349232231,13.831840649821736,10.706460885214781,15.646154685164065,3.8882482120481017,10.54034272562649,10.23723771699818,7.008435165670802,22.096124396316014,17.08999280417479,11.301616690648547,16.409774273684008,19.09560156326581,21.38015859860242,24.568074406946682,16.598998757256474,21.31600697283431,16.38791066883669,20.560058467605256,15.604210302041489,19.684576723760966,9.51518554342509,19.911018076321596,15.526517392920516,14.549305402061343,17.40796771670974,17.15737332734715,8.00872633215595,7.9042312002477715,0.0,18.961643967540905,10.158490776602187,13.94831549378791,16.8455833066693,15.397554105263874,3.5174307372590925,10.909819730907763,25.08738175946084,18.006926403154868,25.973140767224482,18.372810987097907,4.961833330092386,22.262418019482563,9.410097441486386,21.66459678562865,9.77620078750648,10.927033352879413,12.067120311593495,15.342549846136349,10.323621276777034,12.12557867228356,22.17732410962913,24.845496443117735
B001B1DGP8,8.136691499590155,29.09006753261821,3.670895215488767,17.367689487488207,13.091321926066785,4.676708312514818,9.18810768556894,0.8426269629740006,9.261554394645682,17.939174669711942,10.155628236205317,5.019404595103396,8.10654094597454,3.222306636375727,22.422313730925232,12.219399980819913,4.213574183276883,14.516059159469226,20.210551617054517,7.60280843902412,5.189243605887491,5.972079284072075,4.509022293407278,8.928825432411063,28.19612766484724,9.774656865629272,2.0825647671066374,2.658888471954473,16.301320322199956,16.214365035112664,1.402107610440914,7.040153548187907,19.30169774367721,10.669376455331395,6.938402070125624,19.61363572869591,15.877774819391197,9.75737946274944,8.387337483677838,8.388819292657207,12.421421387138464,8.9338893301635,7.507795882901878,7.698938194574323,3.643949179390058,14.78938053401861,8.557921652077066,8.232481684655818,5.165654308609027,8.322773144466705,3.4717708091171247,18.403867640987148,9.645767890017202,9.1382675031923,25.250761907277877,5.5771309785822725,2.4567036178796213,7.874747407052454,3.7707785589565,3.576209453237616,6.838258564607857,5.7994877187214415,11.0301948283065,2.3896013724899237,14.351599426645269,2.586153798605036,9.556373487006162,0.7243709678514719,9.476590884249282,1.5264082866344295,5.3257971432886375,12.030761440863333,5.753682441115392,1.8085149871494322,10.962512574603744,11.417694523998444,18.961643967540905,0.0,28.466039935560477,5.1988350574399975,10.334279070966549,4.323416417492432,18.642867754289554,8.937691873511884,7.999412666785216,1.6500961176702966,8.706325109089708,0.8006880673222183,19.31110157373668,4.527754616873454,9.849942218421608,3.101994875006801,9.229313942807842,9.221779477830186,8.651893380744719,4.545068643875995,8.655039701990924,7.745710254881613,3.735972831240692,6.317605816004674
B0FFK4WSOG,20.368442563416057,0.7396593948918873,31.01915534839541,11.16541759684394,25.236364505545037,25.00644096758316,34.36928876090239,27.71114979485092,19.67210703508136,13.815038941370313,27.755312132580453,24.226454831668416,20.403259219528145,25.421065947921342,23.36140789095044,16.24958797692122,25.45914833041897,20.628744986045067,8.934404222520289,35.13304285180675,28.553754808535288,22.556485654569034,32.54158663443122,19.598727080297884,2.359707114777897,19.705042283183044,30.530216079653126,27.070611251642895,12.897022600042728,23.619354790158432,28.83608030804062,33.46255554053009,9.183488171187168,25.052764287475405,21.530709215547684,11.02687687031474,12.610202712150167,18.766727103333526,20.13600603288574,20.421179930011814,26.503543699063112,19.534679945928907,21.01550377554908,20.87544964088896,29.423766470206196,24.435565643336723,19.919660120298825,20.277737431262242,23.503759666347893,20.16362895496413,25.34718832991678,10.131872835286496,19.144513059014603,19.35601179640167,3.234276909642625,30.705492422182395,26.84271285894783,21.18499343241435,26.30794749811721,27.93584701473007,29.558146949548444,33.78276092161806,26.66525393465947,30.731438773229858,26.099527161641056,29.70294326987571,25.742864048720786,29.17357468401251,19.301847668270433,29.574629884834263,24.265800124886532,24.533720144117254,25.778447775237137,26.665225703958082,17.647273526734878,17.048687675671914,10.158490776602187,28.466039935560477,0.0,23.724430821724386,26.952243047415045,25.276531869427966,12.55559897242999,19.732677384592943,33.58804494893557,27.297634394554958,34.4739681209909,27.79778249954477,9.479047048383306,31.191472092076573,18.61846157994873,30.891887488410624,19.285474432659143,19.577019842558446,20.513778849862216,25.2541361659514,20.05925224485697,20.993982688746684,31.333687710024062,33.9164380661809
B0FFHHNDLE,3.524398829771796,24.379001513057805,8.639585067715494,12.851210797517377,9.739990965284564,1.5525733775570763,13.779522137099704,4.358698445303512,5.996024065650432,12.741181138852774,8.225503220348394,0.6993199938937168,3.4794077605285287,1.9966604274808042,18.169468767706785,7.598614104824922,5.015158415837702,9.886162129751225,15.212365451413971,12.752288622804258,8.388622021107144,1.6121548048094947,9.69775984794023,4.943236007305936,23.281368333117996,4.576105960939286,7.081273264176101,5.324558448581454,12.297309961011946,12.260776192460641,6.127372420883199,11.893381852163383,14.677088290960437,7.377383997496,2.997287132252407,14.453130669579032,11.133661616103428,5.0157713337690435,3.6995408330140127,5.166186753902492,9.594114485935675,4.475006238287692,2.883228408134852,4.1365501785034615,7.830984392967959,11.100402366872327,4.0466333094214955,4.3029495381330705,0.6650177872438746,3.7783007123765078,1.7370875395497432,13.86402439515333,6.085989868195495,4.9903482884817265,20.4909066555847,9.790972332601154,3.1422164930249594,2.694351732829551,2.697052534148536,6.795999272170434,10.157463914525032,10.992262465122838,8.432924871732455,7.586670910772935,11.195184463563983,7.333888301645607,6.67008116812468,5.914602385070321,4.445215214080663,5.975153461364044,4.98085383156964,8.47704672287901,6.969847998610367,3.5073218009058365,6.077486541528424,6.896391339189009,13.94831549378791,5.1988350574399975,23.724430821724386,0.0,7.968946640794301,1.6851876397612056,13.450472077842814,5.313381081391911,12.642983838034722,4.763475899633183,13.448769448229342,4.784056839993989,14.920332985870498,9.28913393045447,5.455367563615579,8.199886058912016,4.527355887442027,5.765396492683381,5.870082199147875,1.7896428820090096,3.666266501736519,4.5909064422801205,8.799418512352617,11.459191332322353
common_street_28b2b46723d88527eb7443b61fe04634be8a8387db1612f0cc246ab176614439,10.271776065635553,27.677195345181737,13.796388283008604,17.632983042246366,3.2675460585589042,6.838029283938974,19.37111409270314,9.757644788932332,13.409434760678153,13.480994443213515,0.8383761798069026,7.371272174908816,10.222351241411912,8.785005183070739,12.99591546576506,13.049971569490792,12.565171276661788,7.116040653074699,18.030784597598966,16.939196561410956,15.242389773034587,9.369568565012974,13.939151575656357,11.99844169998376,25.845789373060345,8.439326902518728,10.925262739190444,12.125847242511643,18.126346061269878,6.784675388605212,11.73175214096879,17.08042311788421,18.96411019665244,1.9158951810124079,10.582316525884185,16.10955785728095,15.548245538185565,10.955660428982807,10.253698067152706,12.725545308637704,2.1618191675089706,11.105569018349946,9.879686189400866,11.686394149640494,13.957058670734034,5.14540354147581,10.746830860629766,11.562334733247598,8.631818165638363,10.527850943790533,8.340040449834387,18.466915215604267,13.2808380192832,11.865542677052419,23.849860302583725,15.911364846878417,8.15880373642164,8.274786822771878,6.885037971348865,13.525302532362643,17.002914698488766,14.990865223873637,0.7637177639512504,11.960827364414813,4.1722354593574655,12.90319463188894,1.4618312196016299,10.729969723299309,9.783982352512547,9.773207877116382,12.835950489579467,2.9027546172523526,14.597813917978744,9.738915150894886,11.265550811015444,12.728514278312739,16.8455833066693,10.334279070966549,26.952243047415045,7.968946640794301,0.0,7.0301657381043,14.653411427961876,12.596062546352984,18.180128543615254,11.128286866006736,18.790159825744762,10.55750425491523,19.763300696077543,14.760859268959623,11.885209765911444,13.099182247563569,10.729849238452845,13.089546090469568,13.544285683992108,6.75309418871057,9.54694110266932,12.267277293223586,13.724922555453897,15.814897954748725
external_location_5058054,5.20041503782467,25.9398445128261,7.969310625464263,14.483020479228411,9.267115893220621,0.3548059848870953,13.377032355239491,3.5093192424658666,7.615249744914314,13.85116024882165,7.141305715327904,1.0623148816757224,5.154460809333407,1.7716432955766512,18.248821254820893,9.235718794098956,5.5364855278435225,10.21130631726166,16.666887674813577,11.90434173145487,8.454098257036378,3.2544245016438476,8.782207467613373,6.620893567749083,24.763941054637307,5.813614429842875,5.93586451974671,5.287184944269304,13.979666321688176,12.134981327380764,5.512594029775344,11.321594439362961,16.28087557342605,6.826427376316758,4.636626533410397,15.7412748724068,12.719071372080275,6.6522233878646775,5.364345812342472,6.761828793022675,8.880692409988345,6.15529487133619,4.564515504084593,5.755950590453966,7.517524001579774,10.817645490226242,5.726279223665618,5.970312011483957,2.1987839259067297,5.457609385990768,1.3199772956557643,15.488413826647683,7.740430006328595,6.674653717451757,22.042339550759696,9.524712670756223,1.912548532175508,4.1032055235468015,1.0370581487001176,6.758628534065701,10.24339578174435,10.052598539520085,7.597987787237154,6.6183307895103844,10.651752359899023,6.765239194888151,5.9018177118699136,4.980188402650421,5.976090666143083,4.735277992623153,5.85841887117904,8.086189123572664,7.568747687919635,3.0077878291707667,7.655341033435019,8.554661738104214,15.397554105263874,4.323416417492432,25.276531869427966,1.6851876397612056,7.0301657381043,0.0,14.651442605481865,6.9648767423708495,12.204045180645265,4.440528453188745,12.955743841505575,4.152260773344513,16.566726022274548,8.752704890568475,7.134523502944463,7.425122900257778,6.1785519684581685,7.404707935654185,7.4114425967942195,0.28249658355712765,5.242281487057474,6.157623365895016,8.057029897520897,10.627023223630259
common_street_20b274b8b6e666f360f250d846551c629a75bf51621b6d921733ba908969864c,10.974338248605616,13.294245767960808,21.92618044467184,7.194167880659384,12.702707307518988,14.31886719979851,26.546036832959132,17.80583610554919,12.214587742199768,1.2642070660580684,15.480555518214343,13.727599540881297,10.983974176521025,15.421964067787512,12.378605796786383,8.064709147573003,17.001299704934603,8.074776124802725,4.154832704619614,26.11383068962193,20.62761718183989,12.866531329161736,23.11944731980184,11.218482552059989,11.231632098305893,8.88087336589992,20.513649713868,18.164223760651627,9.594929456252027,11.162739611483047,19.451706063344446,24.987177773164024,6.942633089486962,12.737517197376528,12.418529465542793,1.5313230467646433,5.930375271775466,9.512793309694313,10.693446137090227,12.523952412334385,14.005353600711155,10.550825995053836,11.475374263337605,12.362663661706538,20.769212357069694,11.889030555508823,10.758140484642844,11.667483772551545,13.503583806912902,10.898710088129402,15.186906390960916,7.235603968751074,11.601568514922679,10.863895191047794,9.688621994298197,22.52039482726243,16.496415356083762,10.768446005864215,15.589281574272194,19.432200934569323,22.13105199962574,24.416200277603803,14.285509521724926,21.03245071814834,13.544299346646786,20.57761164698038,13.576541946001042,19.36202428364469,9.327812074074807,19.360334201233968,16.104418624026042,12.073156701607106,18.17609463483729,16.897372179753255,8.263857996538459,8.808534684618529,3.5174307372590925,18.642867754289554,12.55559897242999,13.450472077842814,14.653411427961876,14.651442605481865,0.0,11.749812278595751,25.51585678990095,17.96149153346314,26.3819747676943,18.166804160600893,8.418353695727491,22.424849537240284,10.035207682406176,21.568903643484337,9.993791176825319,11.912089509949674,13.107916631677336,14.53482811934155,10.145386051261571,12.8168622431524,22.137030626412297,24.821764798155513
B0H2XCG58G,2.3572452755382307,20.324760622243122,11.288481494701296,8.5676291529114,13.468431117154768,6.865550945955478,15.117514458909278,8.272584240977778,0.842826935063294,11.525058322265899,13.034884796047688,6.0069222374605316,2.40370581142413,6.284848902835445,20.054286888962654,3.8579724279600387,5.764526710965893,11.764346053210954,12.060563469530587,15.428576039442927,9.147326232433572,3.711298967096285,12.815985955784836,0.7184905567255141,19.69521898322744,5.18044416460673,11.018902039128388,7.338000969104581,7.368156719194283,15.035395020188346,9.137348035827078,13.885418693402706,10.555463029629072,11.468600342225617,2.329334095399237,12.24533322217477,7.386846573208236,2.6118949256304593,2.445559164052812,0.781817149648835,13.770619136429946,1.7621018400857018,2.723375650651252,1.2708177338069113,9.742194733473578,14.326978138660149,1.9680170466430948,1.0478638398665505,4.769388975617544,2.1272799885960545,6.394776615996536,9.6028636033456,0.7765017482875628,1.0401162156866488,16.562382225510955,11.20781964387804,7.871780262314227,4.379494613644516,7.909557711912218,8.271825214817236,10.49647433510982,14.050795035495174,12.880722921609024,11.08028439195624,14.955898165661388,9.970391832746751,11.158403438531648,9.609927435899873,3.59608671193706,10.23508002837166,4.636388090629465,12.168779164582855,6.516604010150038,7.209151991433464,3.6265818228837117,3.0257896532977493,10.909819730907763,8.937691873511884,19.732677384592943,5.313381081391911,12.596062546352984,6.9648767423708495,11.749812278595751,0.0,14.188800536287205,7.617252041623796,15.076507596665337,8.205384951253171,10.417555351815382,11.504322416427431,1.7560015677557956,11.16534573187233,2.3939724655288903,0.49376491749103885,1.4540186824135604,7.098906540946827,3.3218642033405863,1.2630969177136129,11.60101032593284,14.195870184219828
common_street_3ba9f57a1a8ba43460307e4459b786268348df553ea9950bccd2791caa7dcd6b,14.541579792962375,34.121569552738464,4.387599389061242,22.52996460294685,21.06056102041208,12.544888015222327,1.1928537957023173,8.738469451283505,14.05296786155354,25.01428804220473,17.89529566050552,12.688869383328027,14.531922231856335,10.720664280054287,30.413252851284273,18.026411723199793,8.53817167558402,22.39823181270081,26.24878019517518,3.255106391047961,5.061114444067747,12.75390530810548,4.601929821673896,14.540736123466022,33.772163253224974,16.979640658300106,7.330111033754693,7.417138504225139,20.721247001864693,24.213774752234354,6.698350540940621,1.2858351009609552,24.53844052281269,18.65368574010352,13.099661136168761,26.241364544872116,21.563284538895775,16.041509104924096,14.822439827696838,13.426620090588978,20.312165059805068,15.026579341522044,14.053251841800178,13.288292358598131,4.824129604395616,22.781621092150573,14.778707253509907,13.976814561292413,12.351720809275816,14.623761060319012,11.105375662732646,23.53561589800917,14.633697262188562,14.864643421978451,30.514414886895317,3.0016109745010544,10.431028440171856,15.054922492670515,11.763270254069715,6.084453989518775,4.171492099297818,4.189763637368838,18.905282799650546,6.252675494805092,22.27801207362823,5.446418639700611,17.515202578042445,7.4914383832427065,16.210849505080013,8.414910274965054,9.560900539804768,20.024277930479936,7.816258885455454,9.24489393838884,17.30975091322709,17.183219657857524,25.08738175946084,7.999412666785216,33.58804494893557,12.642983838034722,18.180128543615254,12.204045180645265,25.51585678990095,14.188800536287205,0.0,7.886237852747519,0.8898112665008492,8.051847803328194,24.110656168181738,3.471944682599664,15.70091575130575,5.08212028633168,15.541430779566323,14.221101409996054,13.162232724868172,12.452780961375497,15.409727725837195,12.962024734977765,4.464223534224759,3.2618423988499563
common_street_f3380b82df7cb3d49671181557b9e70c3be2e59bbe517996f4cc44cf40f417c2,7.150560722750582,27.90484192586807,3.964731465209388,16.15028866084668,13.64340970698595,4.758970035733731,9.033563276244758,1.5715188140839915,7.853385607813985,17.349248432333635,11.059654194096467,4.811842990532493,7.127973326723709,2.841005871649947,22.676622211749585,11.107025077096791,2.565702262224216,14.541752001262417,19.236337088518912,8.161910947091213,4.114111440475776,5.100620834393341,5.283281372344565,7.699124070436122,27.13041218541664,9.207757648136978,3.554039040963631,1.1041402053730174,14.932987428377754,16.575170091056346,1.5459030472217667,7.1373315876857,18.11503963705122,11.197543974747934,5.823704825576315,18.83585963680613,14.773482349571058,8.759133857861537,7.419222365009107,7.006181490949153,13.128386655699687,7.851127320557647,6.565214801593629,6.4275535981854155,3.102722178073722,15.242096414489028,7.511434867921839,7.021486045836024,4.523513935835346,7.300493603192242,3.2440404029447745,17.187911107920417,8.285248833416322,7.945808464375642,24.10125617794166,5.1006344398326355,2.9712030584731925,7.272479707482768,4.262215277308993,2.397104242504781,5.881549562370909,6.561710782797818,11.776708163783885,3.4652962406346877,14.98397397057612,2.618251656470165,10.179747672545776,2.1389293396671523,8.657961615362535,3.1764391256057447,3.706495857350073,12.49759047596774,4.163930194005473,1.4375226931958953,10.007354418877853,10.281313902688364,18.006926403154868,1.6500961176702966,27.297634394554958,4.763475899633183,11.128286866006736,4.440528453188745,17.96149153346314,7.617252041623796,7.886237852747519,0.0,8.68591954790831,0.8763147178087171,18.034278976712304,4.533825146460713,8.709907190184067,3.6579424253043085,8.231223528315121,7.853480172134752,7.179446281611486,4.710280742641193,7.832440485009762,6.382189989683965,4.1893596831917455,6.874502717913139
B001B17DJI,15.408649530283089,35.006150671624034,5.049972833589098,23.41913843017734,21.717612895493055,13.300011995688278,0.8357663759474452,9.468408024634718,14.942718955529966,25.870332157952433,18.47710033432442,13.473319572356298,15.398320918256356,11.50979692337246,31.128248958821185,18.912345835392745,9.415730163311222,23.162340738733796,27.136037485723165,3.059361686790617,5.950925696131674,13.599828340689221,5.009395187058335,15.425053946128829,34.66170613936523,17.81723403637402,7.8850249824067085,8.259367156301016,21.60405597770914,24.90919249576558,7.443152962070293,1.7104547350829606,25.427554005420845,19.324588033737413,13.968994851672894,27.116781535863353,22.452172682223907,16.915658072952873,15.689364480962308,14.315013866175482,20.93281271802719,15.90324195527886,14.914079427659583,14.170375624669534,5.6552177406022714,23.457995482913187,15.651670280440436,14.857989523813213,13.174237872137837,15.494142057116225,11.885384832727816,24.42436826228968,15.523208703106326,15.747865675331472,31.40249444193971,3.8809121250448513,11.153698159314514,15.889078990852559,12.477003350860128,6.950209226127759,5.019272406131976,4.3781470848456125,19.52307964005306,6.830579214807276,22.91049179946431,6.190775616581165,18.170452361731364,8.163679637068974,17.07067912165741,9.017531794090047,10.44704171261547,20.7040963682282,8.70469987371821,10.02142703567502,18.184511257337803,18.068909674471165,25.973140767224482,8.706325109089708,34.4739681209909,13.448769448229342,18.790159825744762,12.955743841505575,26.3819747676943,15.076507596665337,0.8898112665008492,8.68591954790831,0.0,8.806886515716425,24.99609584143228,4.203062563270405,16.583539772821897,5.707871467967269,16.413777455872246,15.110363417829271,14.052035701817129,13.199237227177916,16.26669358394393,13.848230903028538,5.072672075932446,3.4169786253378542
external_location_5058053,7.51939559771653,28.41564427364434,3.8709764665146786,16.677842571584094,13.191062831658709,4.494227932935353,9.226157452801434,0.8097588863586406,8.503137979211429,17.50181281250718,10.439277396076328,4.704029255356876,7.49199284920557,2.788532724972324,22.381151125154517,11.563690693840215,3.423564824602458,14.355487524698173,19.614684072292206,7.9719488921228505,4.747748163882273,5.386966580036669,4.956058636655281,8.226222710394039,27.56713816499481,9.332901282957849,2.8281729410979004,1.947583940378648,15.559465038372815,16.220757893772834,1.369228227838338,7.187790240308715,18.62392614894731,10.751618821940282,6.269646276237031,19.097610769063046,15.22867170285006,9.140209377478126,7.777736819922418,7.636739497606251,12.601694435290261,8.283114116859819,6.904509394397393,6.979858334215188,3.4357404000300655,14.840513554268059,7.919448693287023,7.534684224719781,4.663339433675863,7.692557989143761,3.115070373730072,17.715038704158562,8.90193823596585,8.448846299360472,24.588854505564196,5.434281876873789,2.444491424019828,7.410190979422717,3.7844721032125404,3.061864067822935,6.468339403439272,6.2523966483843605,11.229113221798402,2.948264959007617,14.495244941059575,2.616950096312905,9.685610114258937,1.4066619617261942,8.9290867421808,2.31654330193591,4.525445801754773,12.084413311458965,5.032246216875681,1.2777720511320219,10.364555436320748,10.752094785308516,18.372810987097907,0.8006880673222183,27.79778249954477,4.784056839993989,10.55750425491523,4.152260773344513,18.166804160600893,8.205384951253171,8.051847803328194,0.8763147178087171,8.806886515716425,0.0,18.601041419060337,4.604501280474456,9.180442046618374,3.4175177799945744,8.610866112345263,8.475073427521878,7.875518955284724,4.401765588132926,8.103219778680858,6.998214144019239,4.01589098244599,6.678225641867841
common_street_25107781cecc6dba4703c0208820ee8ea97cdfc2f4a3260b01bd76cc71690d5d,11.418893455738381,10.014169377323807,21.648224041865813,2.147521521403899,18.93622310552226,16.344077513514396,24.890988708639814,18.601935852943125,10.27017884791904,9.371902987413073,20.47665791367704,15.505079811703904,11.46054645847445,16.42014851404362,20.74702264383823,7.332745650102645,16.06336154035239,14.918880507476953,4.957629774392116,25.717835354591934,19.082269566700955,13.571966387350137,23.215239023101397,10.382743842902281,9.90238639920699,11.566962640623949,21.392649792911875,17.7205707066398,3.443581548954008,18.507359869013783,19.554095393181626,24.002794065392724,1.5360051679094484,18.009852043128905,12.406418843427819,7.434041246891124,4.215905177250989,9.914633407058936,11.22452845748662,11.060879282463862,19.92415894021472,10.505262440729412,12.072553673312319,11.621766367402223,20.005494061953453,18.749649597417445,10.920586599975122,11.08080341296245,14.59046584466235,11.182234717381304,16.414111201811394,1.349857911950788,9.775474723222985,10.186735519446728,6.4847753069175536,21.238483334276182,17.931616897312647,12.634729589756764,17.600924403722466,18.514001647155595,20.081450204334676,24.432606584799302,19.67894889671194,21.49556161331291,20.142581603062236,20.353484657924987,18.377809838677923,19.99920199461308,10.715469336943658,20.528266784511874,14.849889634614717,17.918510719024574,16.304788354280305,17.540056735309822,9.003424262146059,8.028672175991769,4.961833330092386,19.31110157373668,9.479047048383306,14.920332985870498,19.763300696077543,16.566726022274548,8.418353695727491,10.417555351815382,24.110656168181738,18.034278976712304,24.99609584143228,18.601041419060337,0.0,21.771798582572917,9.537149699165276,21.565218193782105,10.393227821914206,10.21015174472333,11.082505853311677,16.59677997077763,11.359732991303401,11.66295037486032,21.97738916492561,24.519732861978962
common_street_41424f183a9be0d25bda31c7addf4df2c5d49170f488d29147da492c45a79d4c,11.501002886644281,31.763071350573266,1.0291498287456906,20.03722999988286,17.60129071784792,9.096993412827254,4.660431634748796,5.270846912004104,11.519421351211498,21.850436190286725,14.50956122780284,9.284147755218987,11.484985728736989,7.328463781616281,26.943054419300985,15.242465914163377,5.741817186733898,18.95986710070988,23.463182443232807,3.9462378569431937,3.20187112912867,9.566916534777738,2.288869861253185,11.748408423969801,31.199320368919626,13.731623964064994,4.086732702731682,4.280513508291557,18.48301429426146,20.741992923409896,3.240112817857728,2.604365290452056,22.038263502240586,15.188457652265464,10.094946439895192,23.24096653337854,18.86813801717621,13.066768420230229,11.77840203238501,10.78560443633431,16.880199967595775,12.09261952048377,10.960840337652161,10.463463572174986,1.7677110656302437,19.313601565596464,11.799338326690556,11.125659988330113,9.054525920562815,11.616407675299547,7.69382206209219,21.065130301430415,12.052632919861129,12.043904532703378,28.046821248352927,1.668107930917257,6.961222435494754,11.796643991714793,8.29179964352386,3.257857367996314,3.766526476736694,3.0019601749945584,15.477328869071629,2.9974467228944253,18.8346537801198,1.9878180817146478,14.05852159237304,4.038319698628856,13.097899368890754,5.047041364737217,6.926251327907493,16.55559676567781,5.733519822859279,5.829396455183588,14.334338380525537,14.399280936972731,22.262418019482563,4.527754616873454,31.191472092076573,9.28913393045447,14.760859268959623,8.752704890568475,22.424849537240284,11.504322416427431,3.471944682599664,4.533825146460713,4.203062563270405,4.604501280474456,21.771798582572917,0.0,12.859353778341651,1.7700432888695903,12.548933697346358,11.622385496608242,10.68937190006592,8.99675404751267,12.279509202660158,10.243530066872035,1.296133788306631,2.7910000130717543
common_street_5e038e3ddf7353d8ac1d2ca41ec2099245795b9631b146d6ce80cd45faf76c33,1.9354611666777701,19.240239634567445,12.546635174042432,7.533512729929983,12.375629872785828,6.9535268794296865,16.669854182320357,9.107299036936622,2.4130760820589794,9.778167763397594,12.413138777234101,6.088973722026494,1.9824653488876671,6.884151222686512,18.454443777524574,2.399173083180758,7.180686904132633,10.258174038184986,10.60398442179833,16.736430101521186,10.703153294923794,4.037147046143591,13.986455036420626,1.1857524515815043,18.422392330528364,3.8411979898546273,11.920130705243665,8.606025769598514,6.847943694262646,13.650193495567851,10.255153241994625,15.3172899764874,9.45233158825462,10.560470795795048,2.9123213528392027,10.593955021307792,6.0637352970402745,1.0453378884959401,1.8026829590448994,2.5056226906937358,12.831093378876606,0.9810318148715194,2.572520146009442,2.4139270895469234,11.119444236035463,13.066690862071015,1.408734876681408,1.7349277182622713,5.070178956977702,1.6771485027880413,6.8804476158788574,8.56625232752847,1.9030250104231734,0.8402969559118258,15.408464608228297,12.70295789090229,8.398253886719143,3.6617224167094085,8.152333329472638,9.686056036222706,12.130299288959499,15.252571041199651,12.076838896996872,12.119278077463816,13.842844663945934,11.201735395091475,10.424708566583591,10.555521727919631,2.2360383606650958,11.00814569825946,6.155614285622938,11.09859577786248,8.15798829902357,8.054099877233813,1.8723528779936405,1.5726759602892197,9.410097441486386,9.849942218421608,18.61846157994873,5.455367563615579,11.885209765911444,7.134523502944463,10.035207682406176,1.7560015677557956,15.70091575130575,8.709907190184067,16.583539772821897,9.180442046618374,9.537149699165276,12.859353778341651,0.0,12.346234068055228,1.155641922402079,2.045191982560267,3.1962796559735906,7.203630683493416,2.3412276171610813,2.791048567767247,12.829745082459464,15.477167769488757
common_street_1b0ac2d4a40d71419812d5ab10da7d1758a527be8204000dbadda5271b4c8f67,10.808200106878127,31.488757547580267,0.7411204982236276,19.730089926964805,16.009967378315228,7.778113270834263,6.272182778013294,3.9235745828224253,11.30943874414099,20.91665531725938,12.815478076747928,8.086691265070753,10.785319548991305,6.203323343696291,25.458673901452425,14.745335361306335,5.5741785509785675,17.61344732877627,22.89283687576915,4.55465781679296,4.187502890213379,8.736904818713667,1.6507022607800665,11.304870167273783,30.767998934649142,12.749015512145501,2.3180431875924916,3.850408460260983,18.379219238965817,19.22014702230517,2.1248321154298364,4.007699874042869,21.709346696304102,13.620956906938977,9.475341023682192,22.473860987518083,18.408279605909463,12.41694827381373,11.076262797607527,10.504341991853702,15.234646681327254,11.502563271960868,10.219129237044612,10.021387267961364,2.245221290619198,17.75583831509901,11.167600422537587,10.640238667287221,8.071503085748972,10.958142677531612,6.510147800859617,20.76637650279615,11.789760119128958,11.56689879240949,27.708012741917063,3.322957397647395,5.550417916549769,10.823489869820152,6.838798294970653,3.445908912033647,5.2442872830578455,2.907164722406763,13.826538314886836,1.2274322480371815,17.20666095171142,1.2517031018106686,12.462811131468202,2.48524501579538,12.29466438560326,3.333993943980614,6.823107607242439,15.004731168046936,6.177013245963788,4.695269174675678,13.664989804535919,13.914227804560285,21.66459678562865,3.101994875006801,30.891887488410624,8.199886058912016,13.099182247563569,7.425122900257778,21.568903643484337,11.16534573187233,5.08212028633168,3.6579424253043085,5.707871467967269,3.4175177799945744,21.565218193782105,1.7700432888695903,12.346234068055228,0.0,11.889130744612512,11.355089454393783,10.552696486401377,7.646631752375962,11.468015159670633,9.908863312156415,0.6425081920729061,3.2608312082148863
common_street_ed03757d65761f851419eec99e65ef46f769cc7929243aed7ee06c2b2fa2a4b2,1.0927177822746914,19.92599870232609,12.151358867969183,8.327600250453115,11.272412520980899,5.969142062483651,16.557442445927766,8.448941517972418,3.2006791437008357,9.594203932056107,11.2581763053945,5.119059958550847,1.1231532826892399,6.135653198399244,17.66657938442964,3.0759551960987443,7.011481404181089,9.37137872906855,11.009741402882721,16.358852455410815,10.634542677038404,3.2737496095116674,13.508653437975937,1.6764055898840462,18.966835990353612,2.8136573106594946,11.26998124921982,8.268486018465278,7.877022090843096,12.673656190124852,9.771540774106729,15.068297864767734,10.178439816116136,9.418360111807932,2.455328777092361,10.708249549802755,6.675508689876499,0.5294087993032855,0.8505776666358699,2.982615981608309,11.695623240902833,0.6587886129832398,1.7308175081240371,2.454693261145716,10.846352315482433,12.023602264497061,0.7644261225160114,1.7987936845804648,4.230448787056737,0.9341109338818312,6.072482543284018,9.344952314244487,2.820125066918769,1.3736472968875448,16.05858438853879,12.54137432974618,7.580863938306585,2.517913910272444,7.210376593558292,9.467257648785916,12.163863917154712,14.791934472704543,10.92556205092044,11.55863687806298,12.74686313154833,10.796596326134049,9.269525353339436,9.947647247462987,1.2069254088279067,10.28966084707041,6.126298935098875,9.98783274927274,8.246628734688073,7.420824534898783,1.7857677181340696,2.3775361032311992,9.77620078750648,9.229313942807842,19.285474432659143,4.527355887442027,10.729849238452845,6.1785519684581685,9.993791176825319,2.3939724655288903,15.541430779566323,8.231223528315121,16.413777455872246,8.610866112345263,10.393227821914206,12.548933697346358,1.155641922402079,11.889130744612512,0.0,2.8198881782170226,3.810432673485137,6.22152339881534,1.1862477788266599,3.021592892132427,12.407375268277102,15.082191081003334
B0FFJA6PAP,2.8482360676609106,20.158566442547535,11.448301327582397,8.416039148244103,13.951931980810981,7.315632818057459,15.124091400705993,8.580711474508991,0.38154298975402556,11.735970523917421,13.526716676992205,6.461542039222662,2.8950869030481083,6.659212967211958,20.450016725139733,3.922477094609312,5.883487035931782,12.186868451641246,12.053524996572403,15.558986753919532,9.165083743325658,4.1569374838148105,13.005090335563207,1.1701749289308656,19.596852199782933,5.625190513897197,11.298275289853192,7.5114451035259115,7.085198510385717,15.485622030487267,9.356973816759378,13.961502890383567,10.415886857586608,11.96025054547294,2.7702594437203456,12.350142152441117,7.344382980017163,2.985095884204265,2.9286934310090227,0.8510095071205445,14.26183316442375,2.2100718574542784,3.21513802919683,1.660842998274796,9.855720479751865,14.79523346493414,2.4455828367159005,1.5354553819884926,5.206233089750355,2.6144799373855703,6.789809571927129,9.446150893554533,0.43468056882365685,1.4465516709928448,16.42457196206268,11.25606774596731,8.250809356509993,4.871147045878516,8.335653734719507,8.373878945840428,10.453245075311592,14.225734300653283,13.374380697361062,11.318589624710624,15.438456390224067,10.145182331773807,11.652133825934884,9.881677262081883,4.026738311286852,10.55057195077779,4.71029309288919,12.65326845824745,6.482296295559731,7.520842339883766,3.906695244493482,3.1191336618000034,10.927033352879413,9.221779477830186,19.577019842558446,5.765396492683381,13.089546090469568,7.404707935654185,11.912089509949674,0.49376491749103885,14.221101409996054,7.853480172134752,15.110363417829271,8.475073427521878,10.21015174472333,11.622385496608242,2.045191982560267,11.355089454393783,2.8198881782170226,0.0,1.196212915758897,7.546116021911469,3.7940613743300258,1.4768653342504676,11.771481473138365,14.339450494839353
common_street_8143a1030497a1d9c75bf5ee50d270b9cd8043081e7e36d4a21f18589e38b4de,3.560273050025295,21.077957119486694,10.58809032930328,9.386153637854523,14.643424289301276,7.379016460695191,14.035536671133363,8.083504213056582,0.9184085844566249,12.928772725127791,13.920825106969136,6.566007611087729,3.5991155962208308,6.4029795307764745,21.475441026880308,5.102607554658944,4.997355173001004,13.154809546861213,13.173922727801083,14.635338568681842,8.101207385855288,4.282058736346355,12.19440920388694,2.1462651854073767,20.6144277760106,6.5445330101643835,10.700155155606655,6.705561084566174,7.830020377344205,16.36311822033494,8.630097913944521,12.959069790212387,11.394442540865231,12.549253202817635,2.9689775465803736,13.534477031318385,8.444769555766587,4.061680864051589,3.7140651125062396,0.8749771602808759,14.853269289607697,3.1590075750893765,3.745452231776185,1.8632838739214495,8.922994823600538,15.591564802283203,3.2815051363743626,2.167860421332348,5.2465354729171985,3.3792298559403786,6.608267190398427,10.403898272985394,1.5338399801700429,2.4881023702614313,17.392193753505104,10.222951988534724,7.9853581151583155,5.515915794132,8.262074358449574,7.431533842496315,9.324094391722872,13.383723990363244,13.885697980680458,10.620468131148142,16.13577776529307,9.319926916159751,12.135615381897047,9.274022194810813,4.995558395573674,10.056152603366174,3.770020706466489,13.338292101681692,5.374072936257487,7.0479385125003455,5.0683558421923145,4.309869986710826,12.067120311593495,8.651893380744719,20.513778849862216,5.870082199147875,13.544285683992108,7.4114425967942195,13.107916631677336,1.4540186824135604,13.162232724868172,7.179446281611486,14.052035701817129,7.875518955284724,11.082505853311677,10.68937190006592,3.1962796559735906,10.552696486401377,3.810432673485137,1.196212915758897,0.0,7.589983521262505,4.6236244380666935,1.2892166123151159,10.929701663416317,13.44068351143928
external_location_2480604,5.268221891761071,25.921011097957415,8.20153330017536,14.503987531484793,8.98618841662939,0.25271479862413,13.62792301862561,3.7408349371558827,7.7666874994601125,13.71720512522773,6.872786549361323,1.1165021338583672,5.221183405480585,2.0539626296552966,17.98843517820537,9.26403737911898,5.815486832358868,9.975868084918304,16.612712250730723,12.108922300371873,8.732963890758429,3.3892840917319647,8.98176778288996,6.731731474015143,24.715755814889416,5.725694295173924,6.104597892719207,5.566063454818649,14.051568499305997,11.8650874879465,5.757223220091732,11.559089370828943,16.285074384566034,6.544958224251317,4.775860516596652,15.64306914626618,12.716370723206193,6.68445222445824,5.420093443681953,6.9222081354445315,8.5985718714576,6.2276672970242135,4.641918139421492,5.905798662337028,7.780589395426509,10.541504209219353,5.798243762080405,6.0923299497046335,2.352392121704898,5.529531670878843,1.6020901112238137,15.504372071815261,7.872731261228495,6.771456594125532,22.020453488706856,9.78824804889053,2.1090839721627885,4.069465596504128,1.068957646958432,7.035752514587117,10.521996461381967,10.246311189762736,7.317687467766836,6.815525876934011,10.369584970470743,7.010290589789617,5.619661766073178,5.189612902047552,5.964131739564415,4.890219591714477,6.122267241525353,7.807823835065683,7.84741955169221,3.2752174240008007,7.656042040315109,8.599043788130919,15.342549846136349,4.545068643875995,25.2541361659514,1.7896428820090096,6.75309418871057,0.28249658355712765,14.53482811934155,7.098906540946827,12.452780961375497,4.710280742641193,13.199237227177916,4.401765588132926,16.59677997077763,8.99675404751267,7.203630683493416,7.646631752375962,6.22152339881534,7.546116021911469,7.589983521262505,0.0,5.250471915758234,6.327070873859031,8.280958214569097,10.835294101639438
common_street_4dbb4529d2da85e2902caeef41e086b60e9951ed50fb4c49c0bcc1c7065af28e,1.1162094164458514,20.715644155863572,11.7946924720728,9.256764544900332,10.173047490303412,4.998388114114472,16.46911308047259,7.842074660992457,4.162631266388464,9.604579103118295,10.07201701435122,4.182502349793092,1.092246442040698,5.46565679655809,16.94682972777305,4.035093246770911,6.977535294106691,8.570863729972732,11.581134793996842,15.99415615342346,10.638110085339283,2.732366857928039,13.0529545833442,2.62545715682392,19.627744551082532,1.9624039381792173,10.64190728415636,8.024726541159922,8.985409044858685,11.740273872006734,9.343712808598104,14.845890605558782,11.038659639743317,8.261827870094248,2.453267208196681,11.00605676697056,7.479094615248155,1.5092181699396179,0.9129587210522435,3.7524707823847874,10.5482971678666,1.6142175645114754,1.37774780140724,2.9561724591842524,10.633304763771296,11.005357275702663,1.3561141924216025,2.4607956159011883,3.5082516070302208,1.2484101664784866,5.329238557776717,10.254274923802756,3.8747579635258966,2.4040889400383034,16.825466240964467,12.428672650314907,6.798432034152767,1.3491547248056275,6.279175464444391,9.330051918506875,12.255778637842125,14.34694572469811,9.752137607088281,11.027296209100822,11.655660058441237,10.442440998365612,8.087353824509748,9.37930283923163,0.8267265960739787,9.592942544049283,6.264940612965721,8.879520557340577,8.447137438818464,6.8606897100161515,2.4157646536421824,3.4412130869842295,10.323621276777034,8.655039701990924,20.05925224485697,3.666266501736519,9.54694110266932,5.242281487057474,10.145386051261571,3.3218642033405863,15.409727725837195,7.832440485009762,16.26669358394393,8.103219778680858,11.359732991303401,12.279509202660158,2.3412276171610813,11.468015159670633,1.1862477788266599,3.7940613743300258,4.6236244380666935,5.250471915758234,0.0,3.6007932201237955,12.019427511869173,14.705594698089532
external_location_5058062,2.48940119325963,21.58432600330118,10.026082202590807,9.828615475484542,13.439625837977037,6.111213722419961,13.908245855243546,7.1113173757610335,1.5450884107999492,12.517810080364223,12.635760346018376,5.288595139403296,2.519401918475949,5.255754590467488,20.545663078618105,5.064540133955386,4.5060615124656875,12.170513815942613,13.29004346388577,14.165936335653836,7.9366240081837045,2.995623343860885,11.559559269333178,1.6059099660805072,20.955823940538547,5.561411105150408,9.821589236331993,6.076805716312632,8.56173916916279,15.277890376181597,7.892769688022814,12.636007319852103,11.818002828809298,11.307017555724455,1.6853797160438164,13.382705579504,8.636461719014664,3.399699911129108,2.6959415567728056,0.6530542538605885,13.608711362466265,2.374287780155263,2.54727579509607,0.653419149538857,8.482678313473883,14.446048928930361,2.348386708040892,1.222949307655067,3.976983914768279,2.367027180040199,5.422705604466053,10.8632432447382,1.9050192329136493,1.9546358373783084,17.82525522159523,9.973538560704858,6.848406582092459,4.335208389705403,7.036148006897598,7.01596480592604,9.33992294958235,12.790915951442114,12.619638092819057,9.84745045878845,14.932547600273717,8.7099945158966,10.865153543568809,8.404813186002414,4.112960716539464,9.083387834337522,3.401190076218487,12.133777711565203,5.367005847066672,6.053877417594576,4.578031789500097,4.222039264522289,12.12557867228356,7.745710254881613,20.993982688746684,4.5909064422801205,12.267277293223586,6.157623365895016,12.8168622431524,1.2630969177136129,12.962024734977765,6.382189989683965,13.848230903028538,6.998214144019239,11.66295037486032,10.243530066872035,2.791048567767247,9.908863312156415,3.021592892132427,1.4768653342504676,1.2892166123151159,6.327070873859031,3.6007932201237955,0.0,10.340051391632763,12.932773691942485
B0HG47SLEM,11.33220032214845,31.92395940288565,0.41313245312130104,20.16851885995881,16.647109164608615,8.409447356962835,5.6510700642989855,4.551162161356287,11.709585400744508,21.49920953811356,13.431465740504018,8.703120264051902,11.310855751495195,6.8044131626571405,26.10112028471107,15.228278101957391,5.933329368933625,18.250748627356263,23.399724673470665,3.97690381802829,4.127444882046131,9.287065296689526,1.3217861901855559,11.768633029572843,31.243908433414834,13.335674108377402,2.883551554425958,4.263258689849771,18.759537324476444,19.861885925532686,2.6872861399356225,3.3692527370525935,22.154946550952307,14.260619441957557,9.979022584397466,23.024400499050053,18.885452021938903,12.93368528826937,11.602900788773018,10.922480848651585,15.863522474367205,12.003551908032152,10.7531206367042,10.48168116382591,2.2857156875425435,18.395790752311083,11.677976970746764,11.113329000164438,8.651423661670776,11.474391518127153,7.121690394827407,21.203294633081843,12.205898687314994,12.03983208791106,28.159118021166705,2.9446369138301747,6.188020559237724,11.406309296104546,7.479889982225236,3.652541123848737,4.980378806251475,2.4555565641907493,14.454618803007481,1.7947999261512066,17.83851875072583,1.6319718586012977,13.100049671875254,3.1272979156688536,12.845463583045134,3.9532621967020876,7.173445282935128,15.645360432833128,6.344450798239747,5.292115169492348,14.187928873338914,14.39307263176376,22.17732410962913,3.735972831240692,31.333687710024062,8.799418512352617,13.724922555453897,8.057029897520897,22.137030626412297,11.60101032593284,4.464223534224759,4.1893596831917455,5.072672075932446,4.01589098244599,21.97738916492561,1.296133788306631,12.829745082459464,0.6425081920729061,12.407375268277102,11.771481473138365,10.929701663416317,8.280958214569097,12.019427511869173,10.340051391632763,0.0,2.686278923610168
common_street_b7b2c5ca9d0046605c4478ae017bbe38aa90eed620968e116b682511caafd0f3,14.010549846617335,34.49630483867233,2.9329778124806563,22.753511483826337,18.867439482193625,10.981629529440145,4.211690304224717,7.1539513676463935,14.25370467535238,24.17667165564925,15.429768496546476,11.33053588645714,13.989946299616431,9.462534338069485,28.452859432871172,17.87291064196452,8.459680333242261,20.76053999418182,26.063010428252515,1.293881052898899,5.9040789791650745,11.973247966654904,1.899752629685699,14.3970663629529,33.87334486645415,16.009648306894462,4.94913530892223,6.87619093372972,21.251649649211906,22.179714012558208,5.370109376207656,2.006178908527998,24.74849051370547,16.53810185720262,12.646160375043204,25.710227989915168,21.521348975336874,15.607372438995796,14.282392896202854,13.495712633576748,17.97494428105717,14.66691306933702,13.435804723774732,13.108805268264524,4.5313442761088965,20.664961151068095,14.348299645918948,13.75273272745491,11.330080215508703,14.148502428133545,9.761924545841103,23.78509919725595,14.7721825654023,14.677660952617618,30.756908532959162,3.9280007655377247,8.726689388624917,14.083270864226114,9.966113515367956,6.0210570638951895,6.001237338982575,0.9617426701817219,16.565069605872655,4.042873472890448,19.977354850175477,4.285984297580725,15.338784888496246,5.646903883511615,15.531560291119625,6.18114001581645,9.670902424410638,17.939928220936814,8.518990595506713,7.9559125314094405,16.864727721027414,17.034255644320805,24.845496443117735,6.317605816004674,33.9164380661809,11.459191332322353,15.814897954748725,10.627023223630259,24.821764798155513,14.195870184219828,3.2618423988499563,6.874502717913139,3.4169786253378542,6.678225641867841,24.519732861978962,2.7910000130717543,15.477167769488757,3.2608312082148863,15.082191081003334,14.339450494839353,13.44068351143928,10.835294101639438,14.705594698089532,12.932773691942485,2.686278923610168,0.0
